2026-07-25 00:46:54 [Test worker] INFO  c.a.Fintrox.FintroxApplicationTests - Starting FintroxApplicationTests using Java 21.0.4 with PID 8232 (started by ADMIN in E:\Fintrox)
2026-07-25 00:46:54 [Test worker] INFO  c.a.Fintrox.FintroxApplicationTests - No active profile set, falling back to 1 default profile: "default"
2026-07-25 00:46:59 [Test worker] INFO  o.s.d.r.c.RepositoryConfigurationDelegate - Bootstrapping Spring Data JPA repositories in DEFAULT mode.
2026-07-25 00:46:59 [Test worker] INFO  o.s.d.r.c.RepositoryConfigurationDelegate - Finished Spring Data repository scanning in 442 ms. Found 2 JPA repository interfaces.
2026-07-25 00:47:03 [Test worker] INFO  org.hibernate.orm.jpa - HHH008540: Processing PersistenceUnitInfo [name: default]
2026-07-25 00:47:03 [Test worker] INFO  org.hibernate.orm.core - HHH000001: Hibernate ORM core version 7.4.1.Final
2026-07-25 00:47:06 [Test worker] INFO  o.s.o.j.p.SpringPersistenceUnitInfo - No LoadTimeWeaver setup: ignoring JPA class transformer
2026-07-25 00:47:07 [Test worker] INFO  com.zaxxer.hikari.HikariDataSource - HikariPool-1 - Starting...
2026-07-25 00:47:08 [Test worker] INFO  com.zaxxer.hikari.pool.HikariPool - HikariPool-1 - Added connection org.postgresql.jdbc.PgConnection@3294102e
2026-07-25 00:47:08 [Test worker] INFO  com.zaxxer.hikari.HikariDataSource - HikariPool-1 - Start completed.
2026-07-25 00:47:09 [Test worker] WARN  org.hibernate.orm.deprecation - HHH90000025: PostgreSQLDialect does not need to be specified explicitly using 'hibernate.dialect' (remove the property setting and it will be selected by default)
2026-07-25 00:47:09 [Test worker] INFO  o.hibernate.orm.connections.pooling - HHH10001005: Database info:
	Database JDBC URL [jdbc:postgresql://localhost:5432/Fintrox]
	Database driver: PostgreSQL JDBC Driver
	Database dialect: PostgreSQLDialect
	Database version: 17.6
	Default catalog/schema: Fintrox/public
	Autocommit mode: undefined/unknown
	Isolation level: READ_COMMITTED [default READ_COMMITTED]
	JDBC fetch size: none
	Pool: DataSourceConnectionProvider
	Minimum pool size: undefined/unknown
	Maximum pool size: undefined/unknown
2026-07-25 00:47:20 [Test worker] INFO  org.hibernate.orm.core - HHH000489: No JTA platform available (set 'hibernate.transaction.jta.platform' to enable JTA platform integration)
2026-07-25 00:47:20 [Test worker] INFO  org.hibernate.orm.jdbc.batch - HHH100501: Automatic JDBC statement batching enabled (maximum batch size 20)
2026-07-25 00:47:20 [Test worker] DEBUG org.hibernate.SQL - 
    create table organizations (
        id bigint generated by default as identity,
        address TEXT not null,
        business_type varchar(255),
        created_at timestamp(6),
        email varchar(100) not null,
        gst varchar(50),
        is_active boolean,
        is_company boolean,
        name varchar(100) not null,
        owner_id bigint not null,
        phone varchar(15) not null,
        updated_at timestamp(6),
        primary key (id)
    )
2026-07-25 00:47:20 [Test worker] DEBUG org.hibernate.SQL - 
    alter table if exists organizations 
       drop constraint if exists UKl6unumqeje0i17bsaaxp06a
2026-07-25 00:47:20 [Test worker] WARN  org.hibernate.orm.jdbc.warn - HHH000247: ErrorCode: 0, SQLState: 00000
2026-07-25 00:47:20 [Test worker] WARN  org.hibernate.orm.jdbc.warn - constraint "ukl6unumqeje0i17bsaaxp06a" of relation "organizations" does not exist, skipping
2026-07-25 00:47:20 [Test worker] DEBUG org.hibernate.SQL - 
    alter table if exists organizations 
       add constraint UKl6unumqeje0i17bsaaxp06a unique (gst)
2026-07-25 00:47:20 [Test worker] INFO  o.s.o.j.LocalContainerEntityManagerFactoryBean - Initialized JPA EntityManagerFactory for persistence unit 'default'
2026-07-25 00:47:21 [Test worker] INFO  o.s.d.j.r.q.QueryEnhancerFactories - Hibernate is in classpath; If applicable, HQL parser will be used.
2026-07-25 00:47:33 [Test worker] INFO  o.s.s.c.a.a.c.InitializeAuthenticationProviderBeanManagerConfigurer$InitializeAuthenticationProviderManagerConfigurer - Global AuthenticationManager configured with AuthenticationProvider bean with name authenticationProvider
2026-07-25 00:47:33 [Test worker] WARN  o.s.s.c.a.a.c.InitializeUserDetailsBeanManagerConfigurer$InitializeUserDetailsManagerConfigurer - Global AuthenticationManager configured with an AuthenticationProvider bean. UserDetailsService beans will not be used by Spring Security for automatically configuring username/password login. Consider removing the AuthenticationProvider bean. Alternatively, consider using the UserDetailsService in a manually instantiated DaoAuthenticationProvider. If the current configuration is intentional, to turn off this warning, increase the logging level of 'org.springframework.security.config.annotation.authentication.configuration.InitializeUserDetailsBeanManagerConfigurer' to ERROR
2026-07-25 00:47:34 [Test worker] DEBUG o.s.s.web.DefaultSecurityFilterChain - Will secure any request with filters: DisableEncodeUrlFilter, WebAsyncManagerIntegrationFilter, SecurityContextHolderFilter, HeaderWriterFilter, CorsFilter, LogoutFilter, JwtAuthenticationFilter, RequestCacheAwareFilter, SecurityContextHolderAwareRequestFilter, AnonymousAuthenticationFilter, SessionManagementFilter, ExceptionTranslationFilter, AuthorizationFilter
2026-07-25 00:47:35 [Test worker] INFO  c.a.Fintrox.FintroxApplicationTests - Started FintroxApplicationTests in 42.155 seconds (process running for 47.176)
2026-07-25 00:47:36 [SpringApplicationShutdownHook] INFO  o.s.o.j.LocalContainerEntityManagerFactoryBean - Closing JPA EntityManagerFactory for persistence unit 'default'
2026-07-25 00:47:36 [SpringApplicationShutdownHook] INFO  com.zaxxer.hikari.HikariDataSource - HikariPool-1 - Shutdown initiated...
2026-07-25 00:47:36 [SpringApplicationShutdownHook] INFO  com.zaxxer.hikari.HikariDataSource - HikariPool-1 - Shutdown completed.
2026-07-25 00:48:01 [restartedMain] INFO  com.app.Fintrox.FintroxApplication - Starting FintroxApplication using Java 21.0.4 with PID 15596 (E:\Fintrox\build\classes\java\main started by ADMIN in E:\Fintrox)
2026-07-25 00:48:01 [restartedMain] INFO  com.app.Fintrox.FintroxApplication - No active profile set, falling back to 1 default profile: "default"
2026-07-25 00:48:01 [restartedMain] INFO  o.s.b.d.e.DevToolsPropertyDefaultsPostProcessor - Devtools property defaults active! Set 'spring.devtools.add-properties' to 'false' to disable
2026-07-25 00:48:01 [restartedMain] INFO  o.s.b.d.e.DevToolsPropertyDefaultsPostProcessor - For additional web related logging consider setting the 'logging.level.web' property to 'DEBUG'
2026-07-25 00:48:03 [restartedMain] INFO  o.s.d.r.c.RepositoryConfigurationDelegate - Bootstrapping Spring Data JPA repositories in DEFAULT mode.
2026-07-25 00:48:03 [restartedMain] INFO  o.s.d.r.c.RepositoryConfigurationDelegate - Finished Spring Data repository scanning in 155 ms. Found 2 JPA repository interfaces.
2026-07-25 00:48:05 [restartedMain] INFO  o.s.boot.tomcat.TomcatWebServer - Tomcat initialized with port 8080 (http)
2026-07-25 00:48:05 [restartedMain] INFO  o.a.catalina.core.StandardService - Starting service [Tomcat]
2026-07-25 00:48:05 [restartedMain] INFO  o.a.catalina.core.StandardEngine - Starting Servlet engine: [Apache Tomcat/11.0.22]
2026-07-25 00:48:05 [restartedMain] INFO  o.s.b.w.c.s.WebApplicationContextInitializer - Root WebApplicationContext: initialization completed in 3735 ms
2026-07-25 00:48:05 [restartedMain] INFO  org.hibernate.orm.jpa - HHH008540: Processing PersistenceUnitInfo [name: default]
2026-07-25 00:48:06 [restartedMain] INFO  org.hibernate.orm.core - HHH000001: Hibernate ORM core version 7.4.1.Final
2026-07-25 00:48:07 [restartedMain] INFO  o.s.o.j.p.SpringPersistenceUnitInfo - No LoadTimeWeaver setup: ignoring JPA class transformer
2026-07-25 00:48:07 [restartedMain] INFO  com.zaxxer.hikari.HikariDataSource - HikariPool-1 - Starting...
2026-07-25 00:48:08 [restartedMain] INFO  com.zaxxer.hikari.pool.HikariPool - HikariPool-1 - Added connection org.postgresql.jdbc.PgConnection@fc702f6
2026-07-25 00:48:08 [restartedMain] INFO  com.zaxxer.hikari.HikariDataSource - HikariPool-1 - Start completed.
2026-07-25 00:48:08 [restartedMain] WARN  org.hibernate.orm.deprecation - HHH90000025: PostgreSQLDialect does not need to be specified explicitly using 'hibernate.dialect' (remove the property setting and it will be selected by default)
2026-07-25 00:48:08 [restartedMain] INFO  o.hibernate.orm.connections.pooling - HHH10001005: Database info:
	Database JDBC URL [jdbc:postgresql://localhost:5432/Fintrox]
	Database driver: PostgreSQL JDBC Driver
	Database dialect: PostgreSQLDialect
	Database version: 17.6
	Default catalog/schema: Fintrox/public
	Autocommit mode: undefined/unknown
	Isolation level: READ_COMMITTED [default READ_COMMITTED]
	JDBC fetch size: none
	Pool: DataSourceConnectionProvider
	Minimum pool size: undefined/unknown
	Maximum pool size: undefined/unknown
2026-07-25 00:48:14 [restartedMain] INFO  org.hibernate.orm.core - HHH000489: No JTA platform available (set 'hibernate.transaction.jta.platform' to enable JTA platform integration)
2026-07-25 00:48:14 [restartedMain] INFO  org.hibernate.orm.jdbc.batch - HHH100501: Automatic JDBC statement batching enabled (maximum batch size 20)
2026-07-25 00:48:14 [restartedMain] INFO  o.s.o.j.LocalContainerEntityManagerFactoryBean - Initialized JPA EntityManagerFactory for persistence unit 'default'
2026-07-25 00:48:14 [restartedMain] INFO  o.s.d.j.r.q.QueryEnhancerFactories - Hibernate is in classpath; If applicable, HQL parser will be used.
2026-07-25 00:48:20 [restartedMain] INFO  o.s.s.c.a.a.c.InitializeAuthenticationProviderBeanManagerConfigurer$InitializeAuthenticationProviderManagerConfigurer - Global AuthenticationManager configured with AuthenticationProvider bean with name authenticationProvider
2026-07-25 00:48:20 [restartedMain] WARN  o.s.s.c.a.a.c.InitializeUserDetailsBeanManagerConfigurer$InitializeUserDetailsManagerConfigurer - Global AuthenticationManager configured with an AuthenticationProvider bean. UserDetailsService beans will not be used by Spring Security for automatically configuring username/password login. Consider removing the AuthenticationProvider bean. Alternatively, consider using the UserDetailsService in a manually instantiated DaoAuthenticationProvider. If the current configuration is intentional, to turn off this warning, increase the logging level of 'org.springframework.security.config.annotation.authentication.configuration.InitializeUserDetailsBeanManagerConfigurer' to ERROR
2026-07-25 00:48:21 [restartedMain] DEBUG o.s.s.web.DefaultSecurityFilterChain - Will secure any request with filters: DisableEncodeUrlFilter, WebAsyncManagerIntegrationFilter, SecurityContextHolderFilter, HeaderWriterFilter, CorsFilter, LogoutFilter, JwtAuthenticationFilter, RequestCacheAwareFilter, SecurityContextHolderAwareRequestFilter, AnonymousAuthenticationFilter, SessionManagementFilter, ExceptionTranslationFilter, AuthorizationFilter
2026-07-25 00:48:22 [restartedMain] INFO  o.s.boot.tomcat.TomcatWebServer - Tomcat started on port 8080 (http) with context path '/'
2026-07-25 00:48:22 [restartedMain] INFO  com.app.Fintrox.FintroxApplication - Started FintroxApplication in 21.936 seconds (process running for 23.109)
2026-07-25 00:53:35 [http-nio-8080-exec-2] INFO  o.a.c.c.C.[Tomcat].[localhost].[/] - Initializing Spring DispatcherServlet 'dispatcherServlet'
2026-07-25 00:53:35 [http-nio-8080-exec-2] INFO  o.s.web.servlet.DispatcherServlet - Initializing Servlet 'dispatcherServlet'
2026-07-25 00:53:36 [http-nio-8080-exec-2] INFO  o.s.web.servlet.DispatcherServlet - Completed initialization in 234 ms
2026-07-25 00:53:36 [http-nio-8080-exec-2] DEBUG o.s.security.web.FilterChainProxy - Securing POST /api/auth/login
2026-07-25 00:53:36 [http-nio-8080-exec-2] DEBUG o.s.s.w.a.AnonymousAuthenticationFilter - Set SecurityContextHolder to anonymous SecurityContext
2026-07-25 00:53:36 [http-nio-8080-exec-2] DEBUG o.s.security.web.FilterChainProxy - Secured POST /api/auth/login
2026-07-25 00:53:39 [http-nio-8080-exec-2] INFO  c.a.F.Auth.controller.AuthController - Login request for email: rajesh@company.com
2026-07-25 00:53:46 [http-nio-8080-exec-2] DEBUG org.hibernate.SQL - 
    /* SELECT
        u 
    FROM
        User u 
    WHERE
        u.email = :email */ select
            u1_0.id,
            u1_0.created_at,
            u1_0.email,
            u1_0.employee_id,
            u1_0.full_name,
            u1_0.is_active,
            u1_0.is_email_verified,
            u1_0.is_phone_verified,
            u1_0.last_login,
            u1_0.organization_id,
            u1_0.password,
            u1_0.phone,
            u1_0.updated_at,
            u1_0.user_type 
        from
            users u1_0 
        where
            u1_0.email=?
2026-07-25 00:53:48 [http-nio-8080-exec-2] DEBUG o.s.s.a.d.DaoAuthenticationProvider - Failed to authenticate since password does not match stored value
2026-07-25 00:53:48 [http-nio-8080-exec-2] DEBUG o.s.s.authentication.ProviderManager - Authentication failed with provider DaoAuthenticationProvider since Bad credentials
2026-07-25 00:53:48 [http-nio-8080-exec-2] ERROR c.a.F.Auth.service.AuthServiceImpl - Login failed for user: rajesh@company.com
org.springframework.security.authentication.BadCredentialsException: Bad credentials
	at org.springframework.security.authentication.dao.DaoAuthenticationProvider.additionalAuthenticationChecks(DaoAuthenticationProvider.java:92)
	at org.springframework.security.authentication.dao.AbstractUserDetailsAuthenticationProvider.performPreCheck(AbstractUserDetailsAuthenticationProvider.java:198)
	at org.springframework.security.authentication.dao.AbstractUserDetailsAuthenticationProvider.authenticate(AbstractUserDetailsAuthenticationProvider.java:159)
	at org.springframework.security.authentication.ProviderManager.authenticate(ProviderManager.java:183)
	at com.app.Fintrox.Auth.service.AuthServiceImpl.login(AuthServiceImpl.java:44)
	at java.base/jdk.internal.reflect.DirectMethodHandleAccessor.invoke(DirectMethodHandleAccessor.java:103)
	at java.base/java.lang.reflect.Method.invoke(Method.java:580)
	at org.springframework.aop.support.AopUtils.invokeJoinpointUsingReflection(AopUtils.java:359)
	at org.springframework.aop.framework.CglibAopProxy$DynamicAdvisedInterceptor.intercept(CglibAopProxy.java:715)
	at com.app.Fintrox.Auth.service.AuthServiceImpl$$SpringCGLIB$$0.login(<generated>)
	at com.app.Fintrox.Auth.controller.AuthController.login(AuthController.java:47)
	at java.base/jdk.internal.reflect.DirectMethodHandleAccessor.invoke(DirectMethodHandleAccessor.java:103)
	at java.base/java.lang.reflect.Method.invoke(Method.java:580)
	at org.springframework.web.method.support.InvocableHandlerMethod.doInvoke(InvocableHandlerMethod.java:252)
	at org.springframework.web.method.support.InvocableHandlerMethod.invokeForRequest(InvocableHandlerMethod.java:184)
	at org.springframework.web.servlet.mvc.method.annotation.ServletInvocableHandlerMethod.invokeAndHandle(ServletInvocableHandlerMethod.java:117)
	at org.springframework.web.servlet.mvc.method.annotation.RequestMappingHandlerAdapter.invokeHandlerMethod(RequestMappingHandlerAdapter.java:934)
	at org.springframework.web.servlet.mvc.method.annotation.RequestMappingHandlerAdapter.handleInternal(RequestMappingHandlerAdapter.java:853)
	at org.springframework.web.servlet.mvc.method.AbstractHandlerMethodAdapter.handle(AbstractHandlerMethodAdapter.java:86)
	at org.springframework.web.servlet.DispatcherServlet.doDispatch(DispatcherServlet.java:963)
	at org.springframework.web.servlet.DispatcherServlet.doService(DispatcherServlet.java:866)
	at org.springframework.web.servlet.FrameworkServlet.processRequest(FrameworkServlet.java:1000)
	at org.springframework.web.servlet.FrameworkServlet.doPost(FrameworkServlet.java:903)
	at jakarta.servlet.http.HttpServlet.service(HttpServlet.java:649)
	at org.springframework.web.servlet.FrameworkServlet.service(FrameworkServlet.java:874)
	at jakarta.servlet.http.HttpServlet.service(HttpServlet.java:710)
	at org.apache.catalina.core.ApplicationFilterChain.doFilter(ApplicationFilterChain.java:128)
	at org.apache.tomcat.websocket.server.WsFilter.doFilter(WsFilter.java:53)
	at org.apache.catalina.core.ApplicationFilterChain.doFilter(ApplicationFilterChain.java:107)
	at org.springframework.web.filter.OncePerRequestFilter.doFilter(OncePerRequestFilter.java:110)
	at org.apache.catalina.core.ApplicationFilterChain.doFilter(ApplicationFilterChain.java:107)
	at org.springframework.web.filter.CompositeFilter$VirtualFilterChain.doFilter(CompositeFilter.java:108)
	at org.springframework.security.web.FilterChainProxy.lambda$doFilterInternal$2(FilterChainProxy.java:235)
	at org.springframework.security.web.FilterChainProxy$VirtualFilterChain.doFilter(FilterChainProxy.java:376)
	at org.springframework.security.web.access.intercept.AuthorizationFilter.doFilter(AuthorizationFilter.java:101)
	at org.springframework.security.web.FilterChainProxy$VirtualFilterChain.doFilter(FilterChainProxy.java:385)
	at org.springframework.security.web.access.ExceptionTranslationFilter.doFilter(ExceptionTranslationFilter.java:126)
	at org.springframework.security.web.access.ExceptionTranslationFilter.doFilter(ExceptionTranslationFilter.java:120)
	at org.springframework.security.web.FilterChainProxy$VirtualFilterChain.doFilter(FilterChainProxy.java:385)
	at org.springframework.security.web.session.SessionManagementFilter.doFilter(SessionManagementFilter.java:132)
	at org.springframework.security.web.session.SessionManagementFilter.doFilter(SessionManagementFilter.java:86)
	at org.springframework.security.web.FilterChainProxy$VirtualFilterChain.doFilter(FilterChainProxy.java:385)
	at org.springframework.security.web.authentication.AnonymousAuthenticationFilter.doFilter(AnonymousAuthenticationFilter.java:100)
	at org.springframework.security.web.FilterChainProxy$VirtualFilterChain.doFilter(FilterChainProxy.java:385)
	at org.springframework.security.web.servletapi.SecurityContextHolderAwareRequestFilter.doFilter(SecurityContextHolderAwareRequestFilter.java:181)
	at org.springframework.security.web.FilterChainProxy$VirtualFilterChain.doFilter(FilterChainProxy.java:385)
	at org.springframework.security.web.savedrequest.RequestCacheAwareFilter.doFilter(RequestCacheAwareFilter.java:63)
	at org.springframework.security.web.FilterChainProxy$VirtualFilterChain.doFilter(FilterChainProxy.java:385)
	at com.app.Fintrox.security.auth.JwtAuthenticationFilter.doFilterInternal(JwtAuthenticationFilter.java:60)
	at org.springframework.web.filter.OncePerRequestFilter.doFilter(OncePerRequestFilter.java:116)
	at org.springframework.security.web.FilterChainProxy$VirtualFilterChain.doFilter(FilterChainProxy.java:385)
	at org.springframework.security.web.authentication.logout.LogoutFilter.doFilter(LogoutFilter.java:110)
	at org.springframework.security.web.authentication.logout.LogoutFilter.doFilter(LogoutFilter.java:96)
	at org.springframework.security.web.FilterChainProxy$VirtualFilterChain.doFilter(FilterChainProxy.java:385)
	at org.springframework.web.filter.CorsFilter.doFilterInternal(CorsFilter.java:91)
	at org.springframework.web.filter.OncePerRequestFilter.doFilter(OncePerRequestFilter.java:116)
	at org.springframework.security.web.FilterChainProxy$VirtualFilterChain.doFilter(FilterChainProxy.java:385)
	at org.springframework.security.web.header.HeaderWriterFilter.doHeadersAfter(HeaderWriterFilter.java:90)
	at org.springframework.security.web.header.HeaderWriterFilter.doFilterInternal(HeaderWriterFilter.java:75)
	at org.springframework.web.filter.OncePerRequestFilter.doFilter(OncePerRequestFilter.java:116)
	at org.springframework.security.web.FilterChainProxy$VirtualFilterChain.doFilter(FilterChainProxy.java:385)
	at org.springframework.security.web.context.SecurityContextHolderFilter.doFilter(SecurityContextHolderFilter.java:82)
	at org.springframework.security.web.context.SecurityContextHolderFilter.doFilter(SecurityContextHolderFilter.java:69)
	at org.springframework.security.web.FilterChainProxy$VirtualFilterChain.doFilter(FilterChainProxy.java:385)
	at org.springframework.security.web.context.request.async.WebAsyncManagerIntegrationFilter.doFilterInternal(WebAsyncManagerIntegrationFilter.java:62)
	at org.springframework.web.filter.OncePerRequestFilter.doFilter(OncePerRequestFilter.java:116)
	at org.springframework.security.web.FilterChainProxy$VirtualFilterChain.doFilter(FilterChainProxy.java:385)
	at org.springframework.security.web.session.DisableEncodeUrlFilter.doFilterInternal(DisableEncodeUrlFilter.java:42)
	at org.springframework.web.filter.OncePerRequestFilter.doFilter(OncePerRequestFilter.java:116)
	at org.springframework.security.web.FilterChainProxy$VirtualFilterChain.doFilter(FilterChainProxy.java:385)
	at org.springframework.security.web.FilterChainProxy.doFilterInternal(FilterChainProxy.java:237)
	at org.springframework.security.web.FilterChainProxy.doFilter(FilterChainProxy.java:195)
	at org.springframework.web.filter.CompositeFilter$VirtualFilterChain.doFilter(CompositeFilter.java:113)
	at org.springframework.web.filter.ServletRequestPathFilter.doFilter(ServletRequestPathFilter.java:52)
	at org.springframework.web.filter.CompositeFilter$VirtualFilterChain.doFilter(CompositeFilter.java:113)
	at org.springframework.web.filter.CompositeFilter.doFilter(CompositeFilter.java:74)
	at org.springframework.security.config.annotation.web.configuration.WebSecurityConfiguration$CompositeFilterChainProxy.doFilter(WebSecurityConfiguration.java:317)
	at org.springframework.web.filter.DelegatingFilterProxy.invokeDelegate(DelegatingFilterProxy.java:355)
	at org.springframework.web.filter.DelegatingFilterProxy.doFilter(DelegatingFilterProxy.java:272)
	at org.apache.catalina.core.ApplicationFilterChain.doFilter(ApplicationFilterChain.java:107)
	at org.springframework.web.filter.RequestContextFilter.doFilterInternal(RequestContextFilter.java:100)
	at org.springframework.web.filter.OncePerRequestFilter.doFilter(OncePerRequestFilter.java:116)
	at org.apache.catalina.core.ApplicationFilterChain.doFilter(ApplicationFilterChain.java:107)
	at org.springframework.web.filter.FormContentFilter.doFilterInternal(FormContentFilter.java:93)
	at org.springframework.web.filter.OncePerRequestFilter.doFilter(OncePerRequestFilter.java:116)
	at org.apache.catalina.core.ApplicationFilterChain.doFilter(ApplicationFilterChain.java:107)
	at org.springframework.web.filter.CharacterEncodingFilter.doFilterInternal(CharacterEncodingFilter.java:199)
	at org.springframework.web.filter.OncePerRequestFilter.doFilter(OncePerRequestFilter.java:116)
	at org.apache.catalina.core.ApplicationFilterChain.doFilter(ApplicationFilterChain.java:107)
	at org.apache.catalina.core.StandardWrapperValve.invoke(StandardWrapperValve.java:165)
	at org.apache.catalina.core.StandardContextValve.invoke(StandardContextValve.java:77)
	at org.apache.catalina.authenticator.AuthenticatorBase.invoke(AuthenticatorBase.java:492)
	at org.apache.catalina.core.StandardHostValve.invoke(StandardHostValve.java:113)
	at org.apache.catalina.valves.ErrorReportValve.invoke(ErrorReportValve.java:83)
	at org.apache.catalina.core.StandardEngineValve.invoke(StandardEngineValve.java:72)
	at org.apache.catalina.connector.CoyoteAdapter.service(CoyoteAdapter.java:341)
	at org.apache.coyote.http11.Http11Processor.service(Http11Processor.java:397)
	at org.apache.coyote.AbstractProcessorLight.process(AbstractProcessorLight.java:63)
	at org.apache.coyote.AbstractProtocol$ConnectionHandler.process(AbstractProtocol.java:1272)
	at org.apache.tomcat.util.net.NioEndpoint$SocketProcessor.doRun(NioEndpoint.java:1801)
	at org.apache.tomcat.util.net.SocketProcessorBase.run(SocketProcessorBase.java:52)
	at org.apache.tomcat.util.threads.ThreadPoolExecutor.runWorker(ThreadPoolExecutor.java:946)
	at org.apache.tomcat.util.threads.ThreadPoolExecutor$Worker.run(ThreadPoolExecutor.java:480)
	at org.apache.tomcat.util.threads.TaskThread$WrappingRunnable.run(TaskThread.java:57)
	at java.base/java.lang.Thread.run(Thread.java:1583)
2026-07-25 00:53:48 [http-nio-8080-exec-2] ERROR c.a.F.c.e.GlobalExceptionHandler - Unauthorized: Invalid email or password
2026-07-25 00:53:49 [http-nio-8080-exec-2] WARN  o.s.w.s.m.m.a.ExceptionHandlerExceptionResolver - Resolved [com.app.Fintrox.common.exceptions.UnauthorizedException: Invalid email or password]
2026-07-25 00:54:57 [http-nio-8080-exec-5] DEBUG o.s.security.web.FilterChainProxy - Securing POST /api/auth/login
2026-07-25 00:54:57 [http-nio-8080-exec-5] DEBUG o.s.s.w.a.AnonymousAuthenticationFilter - Set SecurityContextHolder to anonymous SecurityContext
2026-07-25 00:54:57 [http-nio-8080-exec-5] DEBUG o.s.security.web.FilterChainProxy - Secured POST /api/auth/login
2026-07-25 00:54:57 [http-nio-8080-exec-5] INFO  c.a.F.Auth.controller.AuthController - Login request for email: rajesh@company.com
2026-07-25 00:54:57 [http-nio-8080-exec-5] DEBUG org.hibernate.SQL - 
    /* SELECT
        u 
    FROM
        User u 
    WHERE
        u.email = :email */ select
            u1_0.id,
            u1_0.created_at,
            u1_0.email,
            u1_0.employee_id,
            u1_0.full_name,
            u1_0.is_active,
            u1_0.is_email_verified,
            u1_0.is_phone_verified,
            u1_0.last_login,
            u1_0.organization_id,
            u1_0.password,
            u1_0.phone,
            u1_0.updated_at,
            u1_0.user_type 
        from
            users u1_0 
        where
            u1_0.email=?
2026-07-25 00:55:00 [http-nio-8080-exec-5] DEBUG o.s.s.a.d.DaoAuthenticationProvider - Authenticated user
2026-07-25 00:55:00 [http-nio-8080-exec-5] DEBUG org.hibernate.SQL - 
    /* SELECT
        u 
    FROM
        User u 
    WHERE
        u.email = :email */ select
            u1_0.id,
            u1_0.created_at,
            u1_0.email,
            u1_0.employee_id,
            u1_0.full_name,
            u1_0.is_active,
            u1_0.is_email_verified,
            u1_0.is_phone_verified,
            u1_0.last_login,
            u1_0.organization_id,
            u1_0.password,
            u1_0.phone,
            u1_0.updated_at,
            u1_0.user_type 
        from
            users u1_0 
        where
            u1_0.email=?
2026-07-25 00:55:01 [http-nio-8080-exec-5] DEBUG org.hibernate.SQL - 
    select
        u1_0.id,
        u1_0.created_at,
        u1_0.email,
        u1_0.employee_id,
        u1_0.full_name,
        u1_0.is_active,
        u1_0.is_email_verified,
        u1_0.is_phone_verified,
        u1_0.last_login,
        u1_0.organization_id,
        u1_0.password,
        u1_0.phone,
        u1_0.updated_at,
        u1_0.user_type 
    from
        users u1_0 
    where
        u1_0.id=?
2026-07-25 00:55:03 [http-nio-8080-exec-5] DEBUG org.hibernate.SQL - 
    /* update
        
    for
        com.app.Fintrox.Auth.entity.User */update users 
    set
        email=?,
        employee_id=?,
        full_name=?,
        is_active=?,
        is_email_verified=?,
        is_phone_verified=?,
        last_login=?,
        organization_id=?,
        password=?,
        phone=?,
        updated_at=?,
        user_type=? 
    where
        id=?
2026-07-25 00:55:07 [http-nio-8080-exec-5] INFO  c.a.F.Auth.service.AuthServiceImpl - User logged in: rajesh@company.com
2026-07-25 00:58:56 [http-nio-8080-exec-8] DEBUG o.s.security.web.FilterChainProxy - Securing POST /api/organizations
2026-07-25 00:58:56 [http-nio-8080-exec-8] DEBUG org.hibernate.SQL - 
    /* SELECT
        u 
    FROM
        User u 
    WHERE
        u.email = :email */ select
            u1_0.id,
            u1_0.created_at,
            u1_0.email,
            u1_0.employee_id,
            u1_0.full_name,
            u1_0.is_active,
            u1_0.is_email_verified,
            u1_0.is_phone_verified,
            u1_0.last_login,
            u1_0.organization_id,
            u1_0.password,
            u1_0.phone,
            u1_0.updated_at,
            u1_0.user_type 
        from
            users u1_0 
        where
            u1_0.email=?
2026-07-25 00:58:56 [http-nio-8080-exec-8] DEBUG o.s.security.web.FilterChainProxy - Secured POST /api/organizations
2026-07-25 00:58:57 [http-nio-8080-exec-8] ERROR c.a.F.c.e.GlobalExceptionHandler - Validation errors: {gst=Invalid GST format. Example: 27AABCU1234D1ZP}
2026-07-25 00:58:57 [http-nio-8080-exec-8] WARN  o.s.w.s.m.m.a.ExceptionHandlerExceptionResolver - Resolved [org.springframework.web.bind.MethodArgumentNotValidException: Validation failed for argument [0] in public org.springframework.http.ResponseEntity<com.app.Fintrox.common.responses.ApiResponse<com.app.Fintrox.organization.dto.response.OrganizationResponse>> com.app.Fintrox.organization.controller.OrganizationController.createOrganization(com.app.Fintrox.organization.dto.request.OrganizationRequest): [Field error in object 'organizationRequest' on field 'gst': rejected value []; codes [Pattern.organizationRequest.gst,Pattern.gst,Pattern.java.lang.String,Pattern]; arguments [org.springframework.context.support.DefaultMessageSourceResolvable: codes [organizationRequest.gst,gst]; arguments []; default message [gst],[Ljakarta.validation.constraints.Pattern$Flag;@76b3893e,^[0-9]{2}[A-Z]{5}[0-9]{4}[A-Z]{1}[1-9A-Z]{1}Z[0-9A-Z]{1}$]; default message [Invalid GST format. Example: 27AABCU1234D1ZP]] ]
2026-07-25 00:59:14 [http-nio-8080-exec-10] DEBUG o.s.security.web.FilterChainProxy - Securing POST /api/organizations
2026-07-25 00:59:14 [http-nio-8080-exec-10] DEBUG org.hibernate.SQL - 
    /* SELECT
        u 
    FROM
        User u 
    WHERE
        u.email = :email */ select
            u1_0.id,
            u1_0.created_at,
            u1_0.email,
            u1_0.employee_id,
            u1_0.full_name,
            u1_0.is_active,
            u1_0.is_email_verified,
            u1_0.is_phone_verified,
            u1_0.last_login,
            u1_0.organization_id,
            u1_0.password,
            u1_0.phone,
            u1_0.updated_at,
            u1_0.user_type 
        from
            users u1_0 
        where
            u1_0.email=?
2026-07-25 00:59:14 [http-nio-8080-exec-10] DEBUG o.s.security.web.FilterChainProxy - Secured POST /api/organizations
2026-07-25 00:59:14 [http-nio-8080-exec-10] INFO  c.a.F.o.c.OrganizationController - Create organization request for owner: 2
2026-07-25 00:59:14 [http-nio-8080-exec-10] DEBUG org.hibernate.SQL - 
    select
        u1_0.id,
        u1_0.created_at,
        u1_0.email,
        u1_0.employee_id,
        u1_0.full_name,
        u1_0.is_active,
        u1_0.is_email_verified,
        u1_0.is_phone_verified,
        u1_0.last_login,
        u1_0.organization_id,
        u1_0.password,
        u1_0.phone,
        u1_0.updated_at,
        u1_0.user_type 
    from
        users u1_0 
    where
        u1_0.id=?
2026-07-25 00:59:14 [http-nio-8080-exec-10] DEBUG org.hibernate.SQL - 
    /* SELECT
        o.id 
    FROM
        Organization o 
    WHERE
        o.ownerId = :ownerId */ select
            o1_0.id 
        from
            organizations o1_0 
        where
            o1_0.owner_id=? 
        fetch
            first ? rows only
2026-07-25 00:59:14 [http-nio-8080-exec-10] DEBUG org.hibernate.SQL - 
    /* SELECT
        o.id 
    FROM
        Organization o 
    WHERE
        o.email = :email */ select
            o1_0.id 
        from
            organizations o1_0 
        where
            o1_0.email=? 
        fetch
            first ? rows only
2026-07-25 00:59:14 [http-nio-8080-exec-10] DEBUG org.hibernate.SQL - 
    /* SELECT
        o.id 
    FROM
        Organization o 
    WHERE
        o.phone = :phone */ select
            o1_0.id 
        from
            organizations o1_0 
        where
            o1_0.phone=? 
        fetch
            first ? rows only
2026-07-25 00:59:14 [http-nio-8080-exec-10] DEBUG org.hibernate.SQL - 
    /* insert 
    for
        com.app.Fintrox.organization.entity.Organization
        */insert 
    into
        organizations (address, business_type, created_at, email, gst, is_active, is_company, name, owner_id, phone, updated_at) 
    values
        (?, ?, ?, ?, ?, ?, ?, ?, ?, ?, ?)
2026-07-25 00:59:14 [http-nio-8080-exec-10] INFO  c.a.F.o.s.OrganizationServiceImpl - Organization created: ABC Finance Pvt Ltd by owner: rajesh@company.com
2026-07-25 00:59:15 [http-nio-8080-exec-10] DEBUG org.hibernate.SQL - 
    /* update
        
    for
        com.app.Fintrox.Auth.entity.User */update users 
    set
        email=?,
        employee_id=?,
        full_name=?,
        is_active=?,
        is_email_verified=?,
        is_phone_verified=?,
        last_login=?,
        organization_id=?,
        password=?,
        phone=?,
        updated_at=?,
        user_type=? 
    where
        id=?
2026-07-25 01:01:13 [http-nio-8080-exec-3] DEBUG o.s.security.web.FilterChainProxy - Securing POST /api/organizations
2026-07-25 01:01:13 [http-nio-8080-exec-3] DEBUG org.hibernate.SQL - 
    /* SELECT
        u 
    FROM
        User u 
    WHERE
        u.email = :email */ select
            u1_0.id,
            u1_0.created_at,
            u1_0.email,
            u1_0.employee_id,
            u1_0.full_name,
            u1_0.is_active,
            u1_0.is_email_verified,
            u1_0.is_phone_verified,
            u1_0.last_login,
            u1_0.organization_id,
            u1_0.password,
            u1_0.phone,
            u1_0.updated_at,
            u1_0.user_type 
        from
            users u1_0 
        where
            u1_0.email=?
2026-07-25 01:01:13 [http-nio-8080-exec-3] DEBUG o.s.security.web.FilterChainProxy - Secured POST /api/organizations
2026-07-25 01:01:13 [http-nio-8080-exec-3] ERROR c.a.F.c.e.GlobalExceptionHandler - Internal server error: 
org.springframework.web.HttpMediaTypeNotSupportedException: Content-Type 'text/plain;charset=UTF-8' is not supported
	at org.springframework.web.servlet.mvc.method.annotation.AbstractMessageConverterMethodArgumentResolver.readWithMessageConverters(AbstractMessageConverterMethodArgumentResolver.java:235)
	at org.springframework.web.servlet.mvc.method.annotation.RequestResponseBodyMethodProcessor.readWithMessageConverters(RequestResponseBodyMethodProcessor.java:181)
	at org.springframework.web.servlet.mvc.method.annotation.RequestResponseBodyMethodProcessor.resolveArgument(RequestResponseBodyMethodProcessor.java:156)
	at org.springframework.web.method.support.HandlerMethodArgumentResolverComposite.resolveArgument(HandlerMethodArgumentResolverComposite.java:122)
	at org.springframework.web.method.support.InvocableHandlerMethod.getMethodArgumentValues(InvocableHandlerMethod.java:224)
	at org.springframework.web.method.support.InvocableHandlerMethod.invokeForRequest(InvocableHandlerMethod.java:174)
	at org.springframework.web.servlet.mvc.method.annotation.ServletInvocableHandlerMethod.invokeAndHandle(ServletInvocableHandlerMethod.java:117)
	at org.springframework.web.servlet.mvc.method.annotation.RequestMappingHandlerAdapter.invokeHandlerMethod(RequestMappingHandlerAdapter.java:934)
	at org.springframework.web.servlet.mvc.method.annotation.RequestMappingHandlerAdapter.handleInternal(RequestMappingHandlerAdapter.java:853)
	at org.springframework.web.servlet.mvc.method.AbstractHandlerMethodAdapter.handle(AbstractHandlerMethodAdapter.java:86)
	at org.springframework.web.servlet.DispatcherServlet.doDispatch(DispatcherServlet.java:963)
	at org.springframework.web.servlet.DispatcherServlet.doService(DispatcherServlet.java:866)
	at org.springframework.web.servlet.FrameworkServlet.processRequest(FrameworkServlet.java:1000)
	at org.springframework.web.servlet.FrameworkServlet.doPost(FrameworkServlet.java:903)
	at jakarta.servlet.http.HttpServlet.service(HttpServlet.java:649)
	at org.springframework.web.servlet.FrameworkServlet.service(FrameworkServlet.java:874)
	at jakarta.servlet.http.HttpServlet.service(HttpServlet.java:710)
	at org.apache.catalina.core.ApplicationFilterChain.doFilter(ApplicationFilterChain.java:128)
	at org.apache.tomcat.websocket.server.WsFilter.doFilter(WsFilter.java:53)
	at org.apache.catalina.core.ApplicationFilterChain.doFilter(ApplicationFilterChain.java:107)
	at org.springframework.web.filter.OncePerRequestFilter.doFilter(OncePerRequestFilter.java:110)
	at org.apache.catalina.core.ApplicationFilterChain.doFilter(ApplicationFilterChain.java:107)
	at org.springframework.web.filter.CompositeFilter$VirtualFilterChain.doFilter(CompositeFilter.java:108)
	at org.springframework.security.web.FilterChainProxy.lambda$doFilterInternal$2(FilterChainProxy.java:235)
	at org.springframework.security.web.FilterChainProxy$VirtualFilterChain.doFilter(FilterChainProxy.java:376)
	at org.springframework.security.web.access.intercept.AuthorizationFilter.doFilter(AuthorizationFilter.java:101)
	at org.springframework.security.web.FilterChainProxy$VirtualFilterChain.doFilter(FilterChainProxy.java:385)
	at org.springframework.security.web.access.ExceptionTranslationFilter.doFilter(ExceptionTranslationFilter.java:126)
	at org.springframework.security.web.access.ExceptionTranslationFilter.doFilter(ExceptionTranslationFilter.java:120)
	at org.springframework.security.web.FilterChainProxy$VirtualFilterChain.doFilter(FilterChainProxy.java:385)
	at org.springframework.security.web.session.SessionManagementFilter.doFilter(SessionManagementFilter.java:132)
	at org.springframework.security.web.session.SessionManagementFilter.doFilter(SessionManagementFilter.java:86)
	at org.springframework.security.web.FilterChainProxy$VirtualFilterChain.doFilter(FilterChainProxy.java:385)
	at org.springframework.security.web.authentication.AnonymousAuthenticationFilter.doFilter(AnonymousAuthenticationFilter.java:100)
	at org.springframework.security.web.FilterChainProxy$VirtualFilterChain.doFilter(FilterChainProxy.java:385)
	at org.springframework.security.web.servletapi.SecurityContextHolderAwareRequestFilter.doFilter(SecurityContextHolderAwareRequestFilter.java:181)
	at org.springframework.security.web.FilterChainProxy$VirtualFilterChain.doFilter(FilterChainProxy.java:385)
	at org.springframework.security.web.savedrequest.RequestCacheAwareFilter.doFilter(RequestCacheAwareFilter.java:63)
	at org.springframework.security.web.FilterChainProxy$VirtualFilterChain.doFilter(FilterChainProxy.java:385)
	at com.app.Fintrox.security.auth.JwtAuthenticationFilter.doFilterInternal(JwtAuthenticationFilter.java:60)
	at org.springframework.web.filter.OncePerRequestFilter.doFilter(OncePerRequestFilter.java:116)
	at org.springframework.security.web.FilterChainProxy$VirtualFilterChain.doFilter(FilterChainProxy.java:385)
	at org.springframework.security.web.authentication.logout.LogoutFilter.doFilter(LogoutFilter.java:110)
	at org.springframework.security.web.authentication.logout.LogoutFilter.doFilter(LogoutFilter.java:96)
	at org.springframework.security.web.FilterChainProxy$VirtualFilterChain.doFilter(FilterChainProxy.java:385)
	at org.springframework.web.filter.CorsFilter.doFilterInternal(CorsFilter.java:91)
	at org.springframework.web.filter.OncePerRequestFilter.doFilter(OncePerRequestFilter.java:116)
	at org.springframework.security.web.FilterChainProxy$VirtualFilterChain.doFilter(FilterChainProxy.java:385)
	at org.springframework.security.web.header.HeaderWriterFilter.doHeadersAfter(HeaderWriterFilter.java:90)
	at org.springframework.security.web.header.HeaderWriterFilter.doFilterInternal(HeaderWriterFilter.java:75)
	at org.springframework.web.filter.OncePerRequestFilter.doFilter(OncePerRequestFilter.java:116)
	at org.springframework.security.web.FilterChainProxy$VirtualFilterChain.doFilter(FilterChainProxy.java:385)
	at org.springframework.security.web.context.SecurityContextHolderFilter.doFilter(SecurityContextHolderFilter.java:82)
	at org.springframework.security.web.context.SecurityContextHolderFilter.doFilter(SecurityContextHolderFilter.java:69)
	at org.springframework.security.web.FilterChainProxy$VirtualFilterChain.doFilter(FilterChainProxy.java:385)
	at org.springframework.security.web.context.request.async.WebAsyncManagerIntegrationFilter.doFilterInternal(WebAsyncManagerIntegrationFilter.java:62)
	at org.springframework.web.filter.OncePerRequestFilter.doFilter(OncePerRequestFilter.java:116)
	at org.springframework.security.web.FilterChainProxy$VirtualFilterChain.doFilter(FilterChainProxy.java:385)
	at org.springframework.security.web.session.DisableEncodeUrlFilter.doFilterInternal(DisableEncodeUrlFilter.java:42)
	at org.springframework.web.filter.OncePerRequestFilter.doFilter(OncePerRequestFilter.java:116)
	at org.springframework.security.web.FilterChainProxy$VirtualFilterChain.doFilter(FilterChainProxy.java:385)
	at org.springframework.security.web.FilterChainProxy.doFilterInternal(FilterChainProxy.java:237)
	at org.springframework.security.web.FilterChainProxy.doFilter(FilterChainProxy.java:195)
	at org.springframework.web.filter.CompositeFilter$VirtualFilterChain.doFilter(CompositeFilter.java:113)
	at org.springframework.web.filter.ServletRequestPathFilter.doFilter(ServletRequestPathFilter.java:52)
	at org.springframework.web.filter.CompositeFilter$VirtualFilterChain.doFilter(CompositeFilter.java:113)
	at org.springframework.web.filter.CompositeFilter.doFilter(CompositeFilter.java:74)
	at org.springframework.security.config.annotation.web.configuration.WebSecurityConfiguration$CompositeFilterChainProxy.doFilter(WebSecurityConfiguration.java:317)
	at org.springframework.web.filter.DelegatingFilterProxy.invokeDelegate(DelegatingFilterProxy.java:355)
	at org.springframework.web.filter.DelegatingFilterProxy.doFilter(DelegatingFilterProxy.java:272)
	at org.apache.catalina.core.ApplicationFilterChain.doFilter(ApplicationFilterChain.java:107)
	at org.springframework.web.filter.RequestContextFilter.doFilterInternal(RequestContextFilter.java:100)
	at org.springframework.web.filter.OncePerRequestFilter.doFilter(OncePerRequestFilter.java:116)
	at org.apache.catalina.core.ApplicationFilterChain.doFilter(ApplicationFilterChain.java:107)
	at org.springframework.web.filter.FormContentFilter.doFilterInternal(FormContentFilter.java:93)
	at org.springframework.web.filter.OncePerRequestFilter.doFilter(OncePerRequestFilter.java:116)
	at org.apache.catalina.core.ApplicationFilterChain.doFilter(ApplicationFilterChain.java:107)
	at org.springframework.web.filter.CharacterEncodingFilter.doFilterInternal(CharacterEncodingFilter.java:199)
	at org.springframework.web.filter.OncePerRequestFilter.doFilter(OncePerRequestFilter.java:116)
	at org.apache.catalina.core.ApplicationFilterChain.doFilter(ApplicationFilterChain.java:107)
	at org.apache.catalina.core.StandardWrapperValve.invoke(StandardWrapperValve.java:165)
	at org.apache.catalina.core.StandardContextValve.invoke(StandardContextValve.java:77)
	at org.apache.catalina.authenticator.AuthenticatorBase.invoke(AuthenticatorBase.java:492)
	at org.apache.catalina.core.StandardHostValve.invoke(StandardHostValve.java:113)
	at org.apache.catalina.valves.ErrorReportValve.invoke(ErrorReportValve.java:83)
	at org.apache.catalina.core.StandardEngineValve.invoke(StandardEngineValve.java:72)
	at org.apache.catalina.connector.CoyoteAdapter.service(CoyoteAdapter.java:341)
	at org.apache.coyote.http11.Http11Processor.service(Http11Processor.java:397)
	at org.apache.coyote.AbstractProcessorLight.process(AbstractProcessorLight.java:63)
	at org.apache.coyote.AbstractProtocol$ConnectionHandler.process(AbstractProtocol.java:1272)
	at org.apache.tomcat.util.net.NioEndpoint$SocketProcessor.doRun(NioEndpoint.java:1801)
	at org.apache.tomcat.util.net.SocketProcessorBase.run(SocketProcessorBase.java:52)
	at org.apache.tomcat.util.threads.ThreadPoolExecutor.runWorker(ThreadPoolExecutor.java:946)
	at org.apache.tomcat.util.threads.ThreadPoolExecutor$Worker.run(ThreadPoolExecutor.java:480)
	at org.apache.tomcat.util.threads.TaskThread$WrappingRunnable.run(TaskThread.java:57)
	at java.base/java.lang.Thread.run(Thread.java:1583)
2026-07-25 01:01:13 [http-nio-8080-exec-3] WARN  o.s.w.s.m.m.a.ExceptionHandlerExceptionResolver - Resolved [org.springframework.web.HttpMediaTypeNotSupportedException: Content-Type 'text/plain;charset=UTF-8' is not supported]
2026-07-25 01:02:04 [http-nio-8080-exec-5] DEBUG o.s.security.web.FilterChainProxy - Securing POST /api/organizations
2026-07-25 01:02:04 [http-nio-8080-exec-5] DEBUG org.hibernate.SQL - 
    /* SELECT
        u 
    FROM
        User u 
    WHERE
        u.email = :email */ select
            u1_0.id,
            u1_0.created_at,
            u1_0.email,
            u1_0.employee_id,
            u1_0.full_name,
            u1_0.is_active,
            u1_0.is_email_verified,
            u1_0.is_phone_verified,
            u1_0.last_login,
            u1_0.organization_id,
            u1_0.password,
            u1_0.phone,
            u1_0.updated_at,
            u1_0.user_type 
        from
            users u1_0 
        where
            u1_0.email=?
2026-07-25 01:02:04 [http-nio-8080-exec-5] DEBUG o.s.security.web.FilterChainProxy - Secured POST /api/organizations
2026-07-25 01:02:04 [http-nio-8080-exec-5] INFO  c.a.F.o.c.OrganizationController - Create organization request for owner: 2
2026-07-25 01:02:04 [http-nio-8080-exec-5] DEBUG org.hibernate.SQL - 
    select
        u1_0.id,
        u1_0.created_at,
        u1_0.email,
        u1_0.employee_id,
        u1_0.full_name,
        u1_0.is_active,
        u1_0.is_email_verified,
        u1_0.is_phone_verified,
        u1_0.last_login,
        u1_0.organization_id,
        u1_0.password,
        u1_0.phone,
        u1_0.updated_at,
        u1_0.user_type 
    from
        users u1_0 
    where
        u1_0.id=?
2026-07-25 01:02:04 [http-nio-8080-exec-5] DEBUG org.hibernate.SQL - 
    /* SELECT
        o.id 
    FROM
        Organization o 
    WHERE
        o.ownerId = :ownerId */ select
            o1_0.id 
        from
            organizations o1_0 
        where
            o1_0.owner_id=? 
        fetch
            first ? rows only
2026-07-25 01:02:04 [http-nio-8080-exec-5] ERROR c.a.F.c.e.GlobalExceptionHandler - Internal server error: 
com.app.Fintrox.common.exceptions.BadRequestException: You already have an organization registered
	at com.app.Fintrox.organization.service.OrganizationServiceImpl.createOrganization(OrganizationServiceImpl.java:48)
	at java.base/jdk.internal.reflect.DirectMethodHandleAccessor.invoke(DirectMethodHandleAccessor.java:103)
	at java.base/java.lang.reflect.Method.invoke(Method.java:580)
	at org.springframework.aop.support.AopUtils.invokeJoinpointUsingReflection(AopUtils.java:359)
	at org.springframework.aop.framework.ReflectiveMethodInvocation.invokeJoinpoint(ReflectiveMethodInvocation.java:190)
	at org.springframework.aop.framework.ReflectiveMethodInvocation.proceed(ReflectiveMethodInvocation.java:158)
	at org.springframework.transaction.interceptor.TransactionInterceptor$1.proceedWithInvocation(TransactionInterceptor.java:133)
	at org.springframework.transaction.interceptor.TransactionAspectSupport.invokeWithinTransaction(TransactionAspectSupport.java:371)
	at org.springframework.transaction.interceptor.TransactionInterceptor.invoke(TransactionInterceptor.java:130)
	at org.springframework.aop.framework.ReflectiveMethodInvocation.proceed(ReflectiveMethodInvocation.java:179)
	at org.springframework.aop.framework.CglibAopProxy$DynamicAdvisedInterceptor.intercept(CglibAopProxy.java:719)
	at com.app.Fintrox.organization.service.OrganizationServiceImpl$$SpringCGLIB$$0.createOrganization(<generated>)
	at com.app.Fintrox.organization.controller.OrganizationController.createOrganization(OrganizationController.java:38)
	at java.base/jdk.internal.reflect.DirectMethodHandleAccessor.invoke(DirectMethodHandleAccessor.java:103)
	at java.base/java.lang.reflect.Method.invoke(Method.java:580)
	at org.springframework.web.method.support.InvocableHandlerMethod.doInvoke(InvocableHandlerMethod.java:252)
	at org.springframework.web.method.support.InvocableHandlerMethod.invokeForRequest(InvocableHandlerMethod.java:184)
	at org.springframework.web.servlet.mvc.method.annotation.ServletInvocableHandlerMethod.invokeAndHandle(ServletInvocableHandlerMethod.java:117)
	at org.springframework.web.servlet.mvc.method.annotation.RequestMappingHandlerAdapter.invokeHandlerMethod(RequestMappingHandlerAdapter.java:934)
	at org.springframework.web.servlet.mvc.method.annotation.RequestMappingHandlerAdapter.handleInternal(RequestMappingHandlerAdapter.java:853)
	at org.springframework.web.servlet.mvc.method.AbstractHandlerMethodAdapter.handle(AbstractHandlerMethodAdapter.java:86)
	at org.springframework.web.servlet.DispatcherServlet.doDispatch(DispatcherServlet.java:963)
	at org.springframework.web.servlet.DispatcherServlet.doService(DispatcherServlet.java:866)
	at org.springframework.web.servlet.FrameworkServlet.processRequest(FrameworkServlet.java:1000)
	at org.springframework.web.servlet.FrameworkServlet.doPost(FrameworkServlet.java:903)
	at jakarta.servlet.http.HttpServlet.service(HttpServlet.java:649)
	at org.springframework.web.servlet.FrameworkServlet.service(FrameworkServlet.java:874)
	at jakarta.servlet.http.HttpServlet.service(HttpServlet.java:710)
	at org.apache.catalina.core.ApplicationFilterChain.doFilter(ApplicationFilterChain.java:128)
	at org.apache.tomcat.websocket.server.WsFilter.doFilter(WsFilter.java:53)
	at org.apache.catalina.core.ApplicationFilterChain.doFilter(ApplicationFilterChain.java:107)
	at org.springframework.web.filter.OncePerRequestFilter.doFilter(OncePerRequestFilter.java:110)
	at org.apache.catalina.core.ApplicationFilterChain.doFilter(ApplicationFilterChain.java:107)
	at org.springframework.web.filter.CompositeFilter$VirtualFilterChain.doFilter(CompositeFilter.java:108)
	at org.springframework.security.web.FilterChainProxy.lambda$doFilterInternal$2(FilterChainProxy.java:235)
	at org.springframework.security.web.FilterChainProxy$VirtualFilterChain.doFilter(FilterChainProxy.java:376)
	at org.springframework.security.web.access.intercept.AuthorizationFilter.doFilter(AuthorizationFilter.java:101)
	at org.springframework.security.web.FilterChainProxy$VirtualFilterChain.doFilter(FilterChainProxy.java:385)
	at org.springframework.security.web.access.ExceptionTranslationFilter.doFilter(ExceptionTranslationFilter.java:126)
	at org.springframework.security.web.access.ExceptionTranslationFilter.doFilter(ExceptionTranslationFilter.java:120)
	at org.springframework.security.web.FilterChainProxy$VirtualFilterChain.doFilter(FilterChainProxy.java:385)
	at org.springframework.security.web.session.SessionManagementFilter.doFilter(SessionManagementFilter.java:132)
	at org.springframework.security.web.session.SessionManagementFilter.doFilter(SessionManagementFilter.java:86)
	at org.springframework.security.web.FilterChainProxy$VirtualFilterChain.doFilter(FilterChainProxy.java:385)
	at org.springframework.security.web.authentication.AnonymousAuthenticationFilter.doFilter(AnonymousAuthenticationFilter.java:100)
	at org.springframework.security.web.FilterChainProxy$VirtualFilterChain.doFilter(FilterChainProxy.java:385)
	at org.springframework.security.web.servletapi.SecurityContextHolderAwareRequestFilter.doFilter(SecurityContextHolderAwareRequestFilter.java:181)
	at org.springframework.security.web.FilterChainProxy$VirtualFilterChain.doFilter(FilterChainProxy.java:385)
	at org.springframework.security.web.savedrequest.RequestCacheAwareFilter.doFilter(RequestCacheAwareFilter.java:63)
	at org.springframework.security.web.FilterChainProxy$VirtualFilterChain.doFilter(FilterChainProxy.java:385)
	at com.app.Fintrox.security.auth.JwtAuthenticationFilter.doFilterInternal(JwtAuthenticationFilter.java:60)
	at org.springframework.web.filter.OncePerRequestFilter.doFilter(OncePerRequestFilter.java:116)
	at org.springframework.security.web.FilterChainProxy$VirtualFilterChain.doFilter(FilterChainProxy.java:385)
	at org.springframework.security.web.authentication.logout.LogoutFilter.doFilter(LogoutFilter.java:110)
	at org.springframework.security.web.authentication.logout.LogoutFilter.doFilter(LogoutFilter.java:96)
	at org.springframework.security.web.FilterChainProxy$VirtualFilterChain.doFilter(FilterChainProxy.java:385)
	at org.springframework.web.filter.CorsFilter.doFilterInternal(CorsFilter.java:91)
	at org.springframework.web.filter.OncePerRequestFilter.doFilter(OncePerRequestFilter.java:116)
	at org.springframework.security.web.FilterChainProxy$VirtualFilterChain.doFilter(FilterChainProxy.java:385)
	at org.springframework.security.web.header.HeaderWriterFilter.doHeadersAfter(HeaderWriterFilter.java:90)
	at org.springframework.security.web.header.HeaderWriterFilter.doFilterInternal(HeaderWriterFilter.java:75)
	at org.springframework.web.filter.OncePerRequestFilter.doFilter(OncePerRequestFilter.java:116)
	at org.springframework.security.web.FilterChainProxy$VirtualFilterChain.doFilter(FilterChainProxy.java:385)
	at org.springframework.security.web.context.SecurityContextHolderFilter.doFilter(SecurityContextHolderFilter.java:82)
	at org.springframework.security.web.context.SecurityContextHolderFilter.doFilter(SecurityContextHolderFilter.java:69)
	at org.springframework.security.web.FilterChainProxy$VirtualFilterChain.doFilter(FilterChainProxy.java:385)
	at org.springframework.security.web.context.request.async.WebAsyncManagerIntegrationFilter.doFilterInternal(WebAsyncManagerIntegrationFilter.java:62)
	at org.springframework.web.filter.OncePerRequestFilter.doFilter(OncePerRequestFilter.java:116)
	at org.springframework.security.web.FilterChainProxy$VirtualFilterChain.doFilter(FilterChainProxy.java:385)
	at org.springframework.security.web.session.DisableEncodeUrlFilter.doFilterInternal(DisableEncodeUrlFilter.java:42)
	at org.springframework.web.filter.OncePerRequestFilter.doFilter(OncePerRequestFilter.java:116)
	at org.springframework.security.web.FilterChainProxy$VirtualFilterChain.doFilter(FilterChainProxy.java:385)
	at org.springframework.security.web.FilterChainProxy.doFilterInternal(FilterChainProxy.java:237)
	at org.springframework.security.web.FilterChainProxy.doFilter(FilterChainProxy.java:195)
	at org.springframework.web.filter.CompositeFilter$VirtualFilterChain.doFilter(CompositeFilter.java:113)
	at org.springframework.web.filter.ServletRequestPathFilter.doFilter(ServletRequestPathFilter.java:52)
	at org.springframework.web.filter.CompositeFilter$VirtualFilterChain.doFilter(CompositeFilter.java:113)
	at org.springframework.web.filter.CompositeFilter.doFilter(CompositeFilter.java:74)
	at org.springframework.security.config.annotation.web.configuration.WebSecurityConfiguration$CompositeFilterChainProxy.doFilter(WebSecurityConfiguration.java:317)
	at org.springframework.web.filter.DelegatingFilterProxy.invokeDelegate(DelegatingFilterProxy.java:355)
	at org.springframework.web.filter.DelegatingFilterProxy.doFilter(DelegatingFilterProxy.java:272)
	at org.apache.catalina.core.ApplicationFilterChain.doFilter(ApplicationFilterChain.java:107)
	at org.springframework.web.filter.RequestContextFilter.doFilterInternal(RequestContextFilter.java:100)
	at org.springframework.web.filter.OncePerRequestFilter.doFilter(OncePerRequestFilter.java:116)
	at org.apache.catalina.core.ApplicationFilterChain.doFilter(ApplicationFilterChain.java:107)
	at org.springframework.web.filter.FormContentFilter.doFilterInternal(FormContentFilter.java:93)
	at org.springframework.web.filter.OncePerRequestFilter.doFilter(OncePerRequestFilter.java:116)
	at org.apache.catalina.core.ApplicationFilterChain.doFilter(ApplicationFilterChain.java:107)
	at org.springframework.web.filter.CharacterEncodingFilter.doFilterInternal(CharacterEncodingFilter.java:199)
	at org.springframework.web.filter.OncePerRequestFilter.doFilter(OncePerRequestFilter.java:116)
	at org.apache.catalina.core.ApplicationFilterChain.doFilter(ApplicationFilterChain.java:107)
	at org.apache.catalina.core.StandardWrapperValve.invoke(StandardWrapperValve.java:165)
	at org.apache.catalina.core.StandardContextValve.invoke(StandardContextValve.java:77)
	at org.apache.catalina.authenticator.AuthenticatorBase.invoke(AuthenticatorBase.java:492)
	at org.apache.catalina.core.StandardHostValve.invoke(StandardHostValve.java:113)
	at org.apache.catalina.valves.ErrorReportValve.invoke(ErrorReportValve.java:83)
	at org.apache.catalina.core.StandardEngineValve.invoke(StandardEngineValve.java:72)
	at org.apache.catalina.connector.CoyoteAdapter.service(CoyoteAdapter.java:341)
	at org.apache.coyote.http11.Http11Processor.service(Http11Processor.java:397)
	at org.apache.coyote.AbstractProcessorLight.process(AbstractProcessorLight.java:63)
	at org.apache.coyote.AbstractProtocol$ConnectionHandler.process(AbstractProtocol.java:1272)
	at org.apache.tomcat.util.net.NioEndpoint$SocketProcessor.doRun(NioEndpoint.java:1801)
	at org.apache.tomcat.util.net.SocketProcessorBase.run(SocketProcessorBase.java:52)
	at org.apache.tomcat.util.threads.ThreadPoolExecutor.runWorker(ThreadPoolExecutor.java:946)
	at org.apache.tomcat.util.threads.ThreadPoolExecutor$Worker.run(ThreadPoolExecutor.java:480)
	at org.apache.tomcat.util.threads.TaskThread$WrappingRunnable.run(TaskThread.java:57)
	at java.base/java.lang.Thread.run(Thread.java:1583)
2026-07-25 01:02:04 [http-nio-8080-exec-5] WARN  o.s.w.s.m.m.a.ExceptionHandlerExceptionResolver - Resolved [com.app.Fintrox.common.exceptions.BadRequestException: You already have an organization registered]
2026-07-25 01:11:49 [http-nio-8080-exec-7] DEBUG o.s.security.web.FilterChainProxy - Securing POST /api/auth/register
2026-07-25 01:11:49 [http-nio-8080-exec-7] DEBUG o.s.s.w.a.AnonymousAuthenticationFilter - Set SecurityContextHolder to anonymous SecurityContext
2026-07-25 01:11:49 [http-nio-8080-exec-7] DEBUG o.s.security.web.FilterChainProxy - Secured POST /api/auth/register
2026-07-25 01:11:50 [http-nio-8080-exec-7] INFO  c.a.F.Auth.controller.AuthController - Registration request for email: suresh.patel@gmail.com
2026-07-25 01:11:50 [http-nio-8080-exec-7] DEBUG org.hibernate.SQL - 
    /* SELECT
        u.id 
    FROM
        User u 
    WHERE
        u.email = :email */ select
            u1_0.id 
        from
            users u1_0 
        where
            u1_0.email=? 
        fetch
            first ? rows only
2026-07-25 01:11:50 [http-nio-8080-exec-7] DEBUG org.hibernate.SQL - 
    /* SELECT
        u.id 
    FROM
        User u 
    WHERE
        u.phone = :phone */ select
            u1_0.id 
        from
            users u1_0 
        where
            u1_0.phone=? 
        fetch
            first ? rows only
2026-07-25 01:11:51 [http-nio-8080-exec-7] INFO  c.a.F.Auth.service.AuthServiceImpl - Saving user: email=suresh.patel@gmail.com, userType=INDIVIDUAL_LENDER, fullName=Suresh Patel
2026-07-25 01:11:51 [http-nio-8080-exec-7] DEBUG org.hibernate.SQL - 
    /* insert 
    for
        com.app.Fintrox.Auth.entity.User
        */insert 
    into
        users (created_at, email, employee_id, full_name, is_active, is_email_verified, is_phone_verified, last_login, organization_id, password, phone, updated_at, user_type) 
    values
        (?, ?, ?, ?, ?, ?, ?, ?, ?, ?, ?, ?, ?)
2026-07-25 01:11:51 [http-nio-8080-exec-7] INFO  c.a.F.Auth.service.AuthServiceImpl - User registered: suresh.patel@gmail.com
2026-07-25 01:11:51 [http-nio-8080-exec-7] DEBUG org.hibernate.SQL - 
    /* SELECT
        u 
    FROM
        User u 
    WHERE
        u.email = :email */ select
            u1_0.id,
            u1_0.created_at,
            u1_0.email,
            u1_0.employee_id,
            u1_0.full_name,
            u1_0.is_active,
            u1_0.is_email_verified,
            u1_0.is_phone_verified,
            u1_0.last_login,
            u1_0.organization_id,
            u1_0.password,
            u1_0.phone,
            u1_0.updated_at,
            u1_0.user_type 
        from
            users u1_0 
        where
            u1_0.email=?
2026-07-25 01:11:52 [http-nio-8080-exec-7] DEBUG o.s.s.a.d.DaoAuthenticationProvider - Authenticated user
2026-07-25 01:11:52 [http-nio-8080-exec-7] DEBUG org.hibernate.SQL - 
    /* SELECT
        u 
    FROM
        User u 
    WHERE
        u.email = :email */ select
            u1_0.id,
            u1_0.created_at,
            u1_0.email,
            u1_0.employee_id,
            u1_0.full_name,
            u1_0.is_active,
            u1_0.is_email_verified,
            u1_0.is_phone_verified,
            u1_0.last_login,
            u1_0.organization_id,
            u1_0.password,
            u1_0.phone,
            u1_0.updated_at,
            u1_0.user_type 
        from
            users u1_0 
        where
            u1_0.email=?
2026-07-25 01:11:52 [http-nio-8080-exec-7] INFO  c.a.F.Auth.service.AuthServiceImpl - User logged in: suresh.patel@gmail.com
2026-07-25 01:11:53 [http-nio-8080-exec-7] DEBUG org.hibernate.SQL - 
    /* update
        
    for
        com.app.Fintrox.Auth.entity.User */update users 
    set
        email=?,
        employee_id=?,
        full_name=?,
        is_active=?,
        is_email_verified=?,
        is_phone_verified=?,
        last_login=?,
        organization_id=?,
        password=?,
        phone=?,
        updated_at=?,
        user_type=? 
    where
        id=?
2026-07-25 01:16:13 [http-nio-8080-exec-9] DEBUG o.s.security.web.FilterChainProxy - Securing POST /api/organizations
2026-07-25 01:16:13 [http-nio-8080-exec-9] DEBUG org.hibernate.SQL - 
    /* SELECT
        u 
    FROM
        User u 
    WHERE
        u.email = :email */ select
            u1_0.id,
            u1_0.created_at,
            u1_0.email,
            u1_0.employee_id,
            u1_0.full_name,
            u1_0.is_active,
            u1_0.is_email_verified,
            u1_0.is_phone_verified,
            u1_0.last_login,
            u1_0.organization_id,
            u1_0.password,
            u1_0.phone,
            u1_0.updated_at,
            u1_0.user_type 
        from
            users u1_0 
        where
            u1_0.email=?
2026-07-25 01:16:13 [http-nio-8080-exec-9] DEBUG o.s.security.web.FilterChainProxy - Secured POST /api/organizations
2026-07-25 01:16:13 [http-nio-8080-exec-9] INFO  c.a.F.o.c.OrganizationController - Create organization request for owner: 3
2026-07-25 01:16:13 [http-nio-8080-exec-9] DEBUG org.hibernate.SQL - 
    select
        u1_0.id,
        u1_0.created_at,
        u1_0.email,
        u1_0.employee_id,
        u1_0.full_name,
        u1_0.is_active,
        u1_0.is_email_verified,
        u1_0.is_phone_verified,
        u1_0.last_login,
        u1_0.organization_id,
        u1_0.password,
        u1_0.phone,
        u1_0.updated_at,
        u1_0.user_type 
    from
        users u1_0 
    where
        u1_0.id=?
2026-07-25 01:16:13 [http-nio-8080-exec-9] DEBUG org.hibernate.SQL - 
    /* SELECT
        o.id 
    FROM
        Organization o 
    WHERE
        o.ownerId = :ownerId */ select
            o1_0.id 
        from
            organizations o1_0 
        where
            o1_0.owner_id=? 
        fetch
            first ? rows only
2026-07-25 01:16:13 [http-nio-8080-exec-9] DEBUG org.hibernate.SQL - 
    /* SELECT
        o.id 
    FROM
        Organization o 
    WHERE
        o.email = :email */ select
            o1_0.id 
        from
            organizations o1_0 
        where
            o1_0.email=? 
        fetch
            first ? rows only
2026-07-25 01:16:13 [http-nio-8080-exec-9] DEBUG org.hibernate.SQL - 
    /* SELECT
        o.id 
    FROM
        Organization o 
    WHERE
        o.phone = :phone */ select
            o1_0.id 
        from
            organizations o1_0 
        where
            o1_0.phone=? 
        fetch
            first ? rows only
2026-07-25 01:16:13 [http-nio-8080-exec-9] DEBUG org.hibernate.SQL - 
    /* insert 
    for
        com.app.Fintrox.organization.entity.Organization
        */insert 
    into
        organizations (address, business_type, created_at, email, gst, is_active, is_company, name, owner_id, phone, updated_at) 
    values
        (?, ?, ?, ?, ?, ?, ?, ?, ?, ?, ?)
2026-07-25 01:16:13 [http-nio-8080-exec-9] INFO  c.a.F.o.s.OrganizationServiceImpl - Organization created: Suresh Patel by owner: suresh.patel@gmail.com
2026-07-25 01:16:13 [http-nio-8080-exec-9] DEBUG org.hibernate.SQL - 
    /* update
        
    for
        com.app.Fintrox.Auth.entity.User */update users 
    set
        email=?,
        employee_id=?,
        full_name=?,
        is_active=?,
        is_email_verified=?,
        is_phone_verified=?,
        last_login=?,
        organization_id=?,
        password=?,
        phone=?,
        updated_at=?,
        user_type=? 
    where
        id=?
2026-07-25 01:32:14 [http-nio-8080-exec-3] DEBUG o.s.security.web.FilterChainProxy - Securing GET /api/organizations/1
2026-07-25 01:32:14 [http-nio-8080-exec-3] DEBUG org.hibernate.SQL - 
    /* SELECT
        u 
    FROM
        User u 
    WHERE
        u.email = :email */ select
            u1_0.id,
            u1_0.created_at,
            u1_0.email,
            u1_0.employee_id,
            u1_0.full_name,
            u1_0.is_active,
            u1_0.is_email_verified,
            u1_0.is_phone_verified,
            u1_0.last_login,
            u1_0.organization_id,
            u1_0.password,
            u1_0.phone,
            u1_0.updated_at,
            u1_0.user_type 
        from
            users u1_0 
        where
            u1_0.email=?
2026-07-25 01:32:14 [http-nio-8080-exec-3] DEBUG o.s.security.web.FilterChainProxy - Secured GET /api/organizations/1
2026-07-25 01:32:14 [http-nio-8080-exec-3] INFO  c.a.F.o.c.OrganizationController - Get organization request for id: 1
2026-07-25 01:32:14 [http-nio-8080-exec-3] DEBUG org.hibernate.SQL - 
    select
        o1_0.id,
        o1_0.address,
        o1_0.business_type,
        o1_0.created_at,
        o1_0.email,
        o1_0.gst,
        o1_0.is_active,
        o1_0.is_company,
        o1_0.name,
        o1_0.owner_id,
        o1_0.phone,
        o1_0.updated_at 
    from
        organizations o1_0 
    where
        o1_0.id=?
2026-07-25 01:32:14 [http-nio-8080-exec-3] DEBUG org.hibernate.SQL - 
    select
        u1_0.id,
        u1_0.created_at,
        u1_0.email,
        u1_0.employee_id,
        u1_0.full_name,
        u1_0.is_active,
        u1_0.is_email_verified,
        u1_0.is_phone_verified,
        u1_0.last_login,
        u1_0.organization_id,
        u1_0.password,
        u1_0.phone,
        u1_0.updated_at,
        u1_0.user_type 
    from
        users u1_0 
    where
        u1_0.id=?
2026-07-25 01:35:20 [http-nio-8080-exec-5] DEBUG o.s.security.web.FilterChainProxy - Securing PUT /api/organizations/1
2026-07-25 01:35:20 [http-nio-8080-exec-5] DEBUG org.hibernate.SQL - 
    /* SELECT
        u 
    FROM
        User u 
    WHERE
        u.email = :email */ select
            u1_0.id,
            u1_0.created_at,
            u1_0.email,
            u1_0.employee_id,
            u1_0.full_name,
            u1_0.is_active,
            u1_0.is_email_verified,
            u1_0.is_phone_verified,
            u1_0.last_login,
            u1_0.organization_id,
            u1_0.password,
            u1_0.phone,
            u1_0.updated_at,
            u1_0.user_type 
        from
            users u1_0 
        where
            u1_0.email=?
2026-07-25 01:35:20 [http-nio-8080-exec-5] DEBUG o.s.security.web.FilterChainProxy - Secured PUT /api/organizations/1
2026-07-25 01:35:20 [http-nio-8080-exec-5] ERROR c.a.F.c.e.GlobalExceptionHandler - Internal server error: 
org.springframework.web.HttpMediaTypeNotSupportedException: Content-Type 'text/plain;charset=UTF-8' is not supported
	at org.springframework.web.servlet.mvc.method.annotation.AbstractMessageConverterMethodArgumentResolver.readWithMessageConverters(AbstractMessageConverterMethodArgumentResolver.java:235)
	at org.springframework.web.servlet.mvc.method.annotation.RequestResponseBodyMethodProcessor.readWithMessageConverters(RequestResponseBodyMethodProcessor.java:181)
	at org.springframework.web.servlet.mvc.method.annotation.RequestResponseBodyMethodProcessor.resolveArgument(RequestResponseBodyMethodProcessor.java:156)
	at org.springframework.web.method.support.HandlerMethodArgumentResolverComposite.resolveArgument(HandlerMethodArgumentResolverComposite.java:122)
	at org.springframework.web.method.support.InvocableHandlerMethod.getMethodArgumentValues(InvocableHandlerMethod.java:224)
	at org.springframework.web.method.support.InvocableHandlerMethod.invokeForRequest(InvocableHandlerMethod.java:174)
	at org.springframework.web.servlet.mvc.method.annotation.ServletInvocableHandlerMethod.invokeAndHandle(ServletInvocableHandlerMethod.java:117)
	at org.springframework.web.servlet.mvc.method.annotation.RequestMappingHandlerAdapter.invokeHandlerMethod(RequestMappingHandlerAdapter.java:934)
	at org.springframework.web.servlet.mvc.method.annotation.RequestMappingHandlerAdapter.handleInternal(RequestMappingHandlerAdapter.java:853)
	at org.springframework.web.servlet.mvc.method.AbstractHandlerMethodAdapter.handle(AbstractHandlerMethodAdapter.java:86)
	at org.springframework.web.servlet.DispatcherServlet.doDispatch(DispatcherServlet.java:963)
	at org.springframework.web.servlet.DispatcherServlet.doService(DispatcherServlet.java:866)
	at org.springframework.web.servlet.FrameworkServlet.processRequest(FrameworkServlet.java:1000)
	at org.springframework.web.servlet.FrameworkServlet.doPut(FrameworkServlet.java:914)
	at jakarta.servlet.http.HttpServlet.service(HttpServlet.java:650)
	at org.springframework.web.servlet.FrameworkServlet.service(FrameworkServlet.java:874)
	at jakarta.servlet.http.HttpServlet.service(HttpServlet.java:710)
	at org.apache.catalina.core.ApplicationFilterChain.doFilter(ApplicationFilterChain.java:128)
	at org.apache.tomcat.websocket.server.WsFilter.doFilter(WsFilter.java:53)
	at org.apache.catalina.core.ApplicationFilterChain.doFilter(ApplicationFilterChain.java:107)
	at org.springframework.web.filter.OncePerRequestFilter.doFilter(OncePerRequestFilter.java:110)
	at org.apache.catalina.core.ApplicationFilterChain.doFilter(ApplicationFilterChain.java:107)
	at org.springframework.web.filter.CompositeFilter$VirtualFilterChain.doFilter(CompositeFilter.java:108)
	at org.springframework.security.web.FilterChainProxy.lambda$doFilterInternal$2(FilterChainProxy.java:235)
	at org.springframework.security.web.FilterChainProxy$VirtualFilterChain.doFilter(FilterChainProxy.java:376)
	at org.springframework.security.web.access.intercept.AuthorizationFilter.doFilter(AuthorizationFilter.java:101)
	at org.springframework.security.web.FilterChainProxy$VirtualFilterChain.doFilter(FilterChainProxy.java:385)
	at org.springframework.security.web.access.ExceptionTranslationFilter.doFilter(ExceptionTranslationFilter.java:126)
	at org.springframework.security.web.access.ExceptionTranslationFilter.doFilter(ExceptionTranslationFilter.java:120)
	at org.springframework.security.web.FilterChainProxy$VirtualFilterChain.doFilter(FilterChainProxy.java:385)
	at org.springframework.security.web.session.SessionManagementFilter.doFilter(SessionManagementFilter.java:132)
	at org.springframework.security.web.session.SessionManagementFilter.doFilter(SessionManagementFilter.java:86)
	at org.springframework.security.web.FilterChainProxy$VirtualFilterChain.doFilter(FilterChainProxy.java:385)
	at org.springframework.security.web.authentication.AnonymousAuthenticationFilter.doFilter(AnonymousAuthenticationFilter.java:100)
	at org.springframework.security.web.FilterChainProxy$VirtualFilterChain.doFilter(FilterChainProxy.java:385)
	at org.springframework.security.web.servletapi.SecurityContextHolderAwareRequestFilter.doFilter(SecurityContextHolderAwareRequestFilter.java:181)
	at org.springframework.security.web.FilterChainProxy$VirtualFilterChain.doFilter(FilterChainProxy.java:385)
	at org.springframework.security.web.savedrequest.RequestCacheAwareFilter.doFilter(RequestCacheAwareFilter.java:63)
	at org.springframework.security.web.FilterChainProxy$VirtualFilterChain.doFilter(FilterChainProxy.java:385)
	at com.app.Fintrox.security.auth.JwtAuthenticationFilter.doFilterInternal(JwtAuthenticationFilter.java:60)
	at org.springframework.web.filter.OncePerRequestFilter.doFilter(OncePerRequestFilter.java:116)
	at org.springframework.security.web.FilterChainProxy$VirtualFilterChain.doFilter(FilterChainProxy.java:385)
	at org.springframework.security.web.authentication.logout.LogoutFilter.doFilter(LogoutFilter.java:110)
	at org.springframework.security.web.authentication.logout.LogoutFilter.doFilter(LogoutFilter.java:96)
	at org.springframework.security.web.FilterChainProxy$VirtualFilterChain.doFilter(FilterChainProxy.java:385)
	at org.springframework.web.filter.CorsFilter.doFilterInternal(CorsFilter.java:91)
	at org.springframework.web.filter.OncePerRequestFilter.doFilter(OncePerRequestFilter.java:116)
	at org.springframework.security.web.FilterChainProxy$VirtualFilterChain.doFilter(FilterChainProxy.java:385)
	at org.springframework.security.web.header.HeaderWriterFilter.doHeadersAfter(HeaderWriterFilter.java:90)
	at org.springframework.security.web.header.HeaderWriterFilter.doFilterInternal(HeaderWriterFilter.java:75)
	at org.springframework.web.filter.OncePerRequestFilter.doFilter(OncePerRequestFilter.java:116)
	at org.springframework.security.web.FilterChainProxy$VirtualFilterChain.doFilter(FilterChainProxy.java:385)
	at org.springframework.security.web.context.SecurityContextHolderFilter.doFilter(SecurityContextHolderFilter.java:82)
	at org.springframework.security.web.context.SecurityContextHolderFilter.doFilter(SecurityContextHolderFilter.java:69)
	at org.springframework.security.web.FilterChainProxy$VirtualFilterChain.doFilter(FilterChainProxy.java:385)
	at org.springframework.security.web.context.request.async.WebAsyncManagerIntegrationFilter.doFilterInternal(WebAsyncManagerIntegrationFilter.java:62)
	at org.springframework.web.filter.OncePerRequestFilter.doFilter(OncePerRequestFilter.java:116)
	at org.springframework.security.web.FilterChainProxy$VirtualFilterChain.doFilter(FilterChainProxy.java:385)
	at org.springframework.security.web.session.DisableEncodeUrlFilter.doFilterInternal(DisableEncodeUrlFilter.java:42)
	at org.springframework.web.filter.OncePerRequestFilter.doFilter(OncePerRequestFilter.java:116)
	at org.springframework.security.web.FilterChainProxy$VirtualFilterChain.doFilter(FilterChainProxy.java:385)
	at org.springframework.security.web.FilterChainProxy.doFilterInternal(FilterChainProxy.java:237)
	at org.springframework.security.web.FilterChainProxy.doFilter(FilterChainProxy.java:195)
	at org.springframework.web.filter.CompositeFilter$VirtualFilterChain.doFilter(CompositeFilter.java:113)
	at org.springframework.web.filter.ServletRequestPathFilter.doFilter(ServletRequestPathFilter.java:52)
	at org.springframework.web.filter.CompositeFilter$VirtualFilterChain.doFilter(CompositeFilter.java:113)
	at org.springframework.web.filter.CompositeFilter.doFilter(CompositeFilter.java:74)
	at org.springframework.security.config.annotation.web.configuration.WebSecurityConfiguration$CompositeFilterChainProxy.doFilter(WebSecurityConfiguration.java:317)
	at org.springframework.web.filter.DelegatingFilterProxy.invokeDelegate(DelegatingFilterProxy.java:355)
	at org.springframework.web.filter.DelegatingFilterProxy.doFilter(DelegatingFilterProxy.java:272)
	at org.apache.catalina.core.ApplicationFilterChain.doFilter(ApplicationFilterChain.java:107)
	at org.springframework.web.filter.RequestContextFilter.doFilterInternal(RequestContextFilter.java:100)
	at org.springframework.web.filter.OncePerRequestFilter.doFilter(OncePerRequestFilter.java:116)
	at org.apache.catalina.core.ApplicationFilterChain.doFilter(ApplicationFilterChain.java:107)
	at org.springframework.web.filter.FormContentFilter.doFilterInternal(FormContentFilter.java:93)
	at org.springframework.web.filter.OncePerRequestFilter.doFilter(OncePerRequestFilter.java:116)
	at org.apache.catalina.core.ApplicationFilterChain.doFilter(ApplicationFilterChain.java:107)
	at org.springframework.web.filter.CharacterEncodingFilter.doFilterInternal(CharacterEncodingFilter.java:199)
	at org.springframework.web.filter.OncePerRequestFilter.doFilter(OncePerRequestFilter.java:116)
	at org.apache.catalina.core.ApplicationFilterChain.doFilter(ApplicationFilterChain.java:107)
	at org.apache.catalina.core.StandardWrapperValve.invoke(StandardWrapperValve.java:165)
	at org.apache.catalina.core.StandardContextValve.invoke(StandardContextValve.java:77)
	at org.apache.catalina.authenticator.AuthenticatorBase.invoke(AuthenticatorBase.java:492)
	at org.apache.catalina.core.StandardHostValve.invoke(StandardHostValve.java:113)
	at org.apache.catalina.valves.ErrorReportValve.invoke(ErrorReportValve.java:83)
	at org.apache.catalina.core.StandardEngineValve.invoke(StandardEngineValve.java:72)
	at org.apache.catalina.connector.CoyoteAdapter.service(CoyoteAdapter.java:341)
	at org.apache.coyote.http11.Http11Processor.service(Http11Processor.java:397)
	at org.apache.coyote.AbstractProcessorLight.process(AbstractProcessorLight.java:63)
	at org.apache.coyote.AbstractProtocol$ConnectionHandler.process(AbstractProtocol.java:1272)
	at org.apache.tomcat.util.net.NioEndpoint$SocketProcessor.doRun(NioEndpoint.java:1801)
	at org.apache.tomcat.util.net.SocketProcessorBase.run(SocketProcessorBase.java:52)
	at org.apache.tomcat.util.threads.ThreadPoolExecutor.runWorker(ThreadPoolExecutor.java:946)
	at org.apache.tomcat.util.threads.ThreadPoolExecutor$Worker.run(ThreadPoolExecutor.java:480)
	at org.apache.tomcat.util.threads.TaskThread$WrappingRunnable.run(TaskThread.java:57)
	at java.base/java.lang.Thread.run(Thread.java:1583)
2026-07-25 01:35:20 [http-nio-8080-exec-5] WARN  o.s.w.s.m.m.a.ExceptionHandlerExceptionResolver - Resolved [org.springframework.web.HttpMediaTypeNotSupportedException: Content-Type 'text/plain;charset=UTF-8' is not supported]
2026-07-25 01:36:27 [http-nio-8080-exec-8] DEBUG o.s.security.web.FilterChainProxy - Securing PUT /api/organizations/1
2026-07-25 01:36:27 [http-nio-8080-exec-8] DEBUG org.hibernate.SQL - 
    /* SELECT
        u 
    FROM
        User u 
    WHERE
        u.email = :email */ select
            u1_0.id,
            u1_0.created_at,
            u1_0.email,
            u1_0.employee_id,
            u1_0.full_name,
            u1_0.is_active,
            u1_0.is_email_verified,
            u1_0.is_phone_verified,
            u1_0.last_login,
            u1_0.organization_id,
            u1_0.password,
            u1_0.phone,
            u1_0.updated_at,
            u1_0.user_type 
        from
            users u1_0 
        where
            u1_0.email=?
2026-07-25 01:36:27 [http-nio-8080-exec-8] DEBUG o.s.security.web.FilterChainProxy - Secured PUT /api/organizations/1
2026-07-25 01:36:27 [http-nio-8080-exec-8] ERROR c.a.F.c.e.GlobalExceptionHandler - Internal server error: 
org.springframework.web.HttpMediaTypeNotSupportedException: Content-Type 'text/plain;charset=UTF-8' is not supported
	at org.springframework.web.servlet.mvc.method.annotation.AbstractMessageConverterMethodArgumentResolver.readWithMessageConverters(AbstractMessageConverterMethodArgumentResolver.java:235)
	at org.springframework.web.servlet.mvc.method.annotation.RequestResponseBodyMethodProcessor.readWithMessageConverters(RequestResponseBodyMethodProcessor.java:181)
	at org.springframework.web.servlet.mvc.method.annotation.RequestResponseBodyMethodProcessor.resolveArgument(RequestResponseBodyMethodProcessor.java:156)
	at org.springframework.web.method.support.HandlerMethodArgumentResolverComposite.resolveArgument(HandlerMethodArgumentResolverComposite.java:122)
	at org.springframework.web.method.support.InvocableHandlerMethod.getMethodArgumentValues(InvocableHandlerMethod.java:224)
	at org.springframework.web.method.support.InvocableHandlerMethod.invokeForRequest(InvocableHandlerMethod.java:174)
	at org.springframework.web.servlet.mvc.method.annotation.ServletInvocableHandlerMethod.invokeAndHandle(ServletInvocableHandlerMethod.java:117)
	at org.springframework.web.servlet.mvc.method.annotation.RequestMappingHandlerAdapter.invokeHandlerMethod(RequestMappingHandlerAdapter.java:934)
	at org.springframework.web.servlet.mvc.method.annotation.RequestMappingHandlerAdapter.handleInternal(RequestMappingHandlerAdapter.java:853)
	at org.springframework.web.servlet.mvc.method.AbstractHandlerMethodAdapter.handle(AbstractHandlerMethodAdapter.java:86)
	at org.springframework.web.servlet.DispatcherServlet.doDispatch(DispatcherServlet.java:963)
	at org.springframework.web.servlet.DispatcherServlet.doService(DispatcherServlet.java:866)
	at org.springframework.web.servlet.FrameworkServlet.processRequest(FrameworkServlet.java:1000)
	at org.springframework.web.servlet.FrameworkServlet.doPut(FrameworkServlet.java:914)
	at jakarta.servlet.http.HttpServlet.service(HttpServlet.java:650)
	at org.springframework.web.servlet.FrameworkServlet.service(FrameworkServlet.java:874)
	at jakarta.servlet.http.HttpServlet.service(HttpServlet.java:710)
	at org.apache.catalina.core.ApplicationFilterChain.doFilter(ApplicationFilterChain.java:128)
	at org.apache.tomcat.websocket.server.WsFilter.doFilter(WsFilter.java:53)
	at org.apache.catalina.core.ApplicationFilterChain.doFilter(ApplicationFilterChain.java:107)
	at org.springframework.web.filter.OncePerRequestFilter.doFilter(OncePerRequestFilter.java:110)
	at org.apache.catalina.core.ApplicationFilterChain.doFilter(ApplicationFilterChain.java:107)
	at org.springframework.web.filter.CompositeFilter$VirtualFilterChain.doFilter(CompositeFilter.java:108)
	at org.springframework.security.web.FilterChainProxy.lambda$doFilterInternal$2(FilterChainProxy.java:235)
	at org.springframework.security.web.FilterChainProxy$VirtualFilterChain.doFilter(FilterChainProxy.java:376)
	at org.springframework.security.web.access.intercept.AuthorizationFilter.doFilter(AuthorizationFilter.java:101)
	at org.springframework.security.web.FilterChainProxy$VirtualFilterChain.doFilter(FilterChainProxy.java:385)
	at org.springframework.security.web.access.ExceptionTranslationFilter.doFilter(ExceptionTranslationFilter.java:126)
	at org.springframework.security.web.access.ExceptionTranslationFilter.doFilter(ExceptionTranslationFilter.java:120)
	at org.springframework.security.web.FilterChainProxy$VirtualFilterChain.doFilter(FilterChainProxy.java:385)
	at org.springframework.security.web.session.SessionManagementFilter.doFilter(SessionManagementFilter.java:132)
	at org.springframework.security.web.session.SessionManagementFilter.doFilter(SessionManagementFilter.java:86)
	at org.springframework.security.web.FilterChainProxy$VirtualFilterChain.doFilter(FilterChainProxy.java:385)
	at org.springframework.security.web.authentication.AnonymousAuthenticationFilter.doFilter(AnonymousAuthenticationFilter.java:100)
	at org.springframework.security.web.FilterChainProxy$VirtualFilterChain.doFilter(FilterChainProxy.java:385)
	at org.springframework.security.web.servletapi.SecurityContextHolderAwareRequestFilter.doFilter(SecurityContextHolderAwareRequestFilter.java:181)
	at org.springframework.security.web.FilterChainProxy$VirtualFilterChain.doFilter(FilterChainProxy.java:385)
	at org.springframework.security.web.savedrequest.RequestCacheAwareFilter.doFilter(RequestCacheAwareFilter.java:63)
	at org.springframework.security.web.FilterChainProxy$VirtualFilterChain.doFilter(FilterChainProxy.java:385)
	at com.app.Fintrox.security.auth.JwtAuthenticationFilter.doFilterInternal(JwtAuthenticationFilter.java:60)
	at org.springframework.web.filter.OncePerRequestFilter.doFilter(OncePerRequestFilter.java:116)
	at org.springframework.security.web.FilterChainProxy$VirtualFilterChain.doFilter(FilterChainProxy.java:385)
	at org.springframework.security.web.authentication.logout.LogoutFilter.doFilter(LogoutFilter.java:110)
	at org.springframework.security.web.authentication.logout.LogoutFilter.doFilter(LogoutFilter.java:96)
	at org.springframework.security.web.FilterChainProxy$VirtualFilterChain.doFilter(FilterChainProxy.java:385)
	at org.springframework.web.filter.CorsFilter.doFilterInternal(CorsFilter.java:91)
	at org.springframework.web.filter.OncePerRequestFilter.doFilter(OncePerRequestFilter.java:116)
	at org.springframework.security.web.FilterChainProxy$VirtualFilterChain.doFilter(FilterChainProxy.java:385)
	at org.springframework.security.web.header.HeaderWriterFilter.doHeadersAfter(HeaderWriterFilter.java:90)
	at org.springframework.security.web.header.HeaderWriterFilter.doFilterInternal(HeaderWriterFilter.java:75)
	at org.springframework.web.filter.OncePerRequestFilter.doFilter(OncePerRequestFilter.java:116)
	at org.springframework.security.web.FilterChainProxy$VirtualFilterChain.doFilter(FilterChainProxy.java:385)
	at org.springframework.security.web.context.SecurityContextHolderFilter.doFilter(SecurityContextHolderFilter.java:82)
	at org.springframework.security.web.context.SecurityContextHolderFilter.doFilter(SecurityContextHolderFilter.java:69)
	at org.springframework.security.web.FilterChainProxy$VirtualFilterChain.doFilter(FilterChainProxy.java:385)
	at org.springframework.security.web.context.request.async.WebAsyncManagerIntegrationFilter.doFilterInternal(WebAsyncManagerIntegrationFilter.java:62)
	at org.springframework.web.filter.OncePerRequestFilter.doFilter(OncePerRequestFilter.java:116)
	at org.springframework.security.web.FilterChainProxy$VirtualFilterChain.doFilter(FilterChainProxy.java:385)
	at org.springframework.security.web.session.DisableEncodeUrlFilter.doFilterInternal(DisableEncodeUrlFilter.java:42)
	at org.springframework.web.filter.OncePerRequestFilter.doFilter(OncePerRequestFilter.java:116)
	at org.springframework.security.web.FilterChainProxy$VirtualFilterChain.doFilter(FilterChainProxy.java:385)
	at org.springframework.security.web.FilterChainProxy.doFilterInternal(FilterChainProxy.java:237)
	at org.springframework.security.web.FilterChainProxy.doFilter(FilterChainProxy.java:195)
	at org.springframework.web.filter.CompositeFilter$VirtualFilterChain.doFilter(CompositeFilter.java:113)
	at org.springframework.web.filter.ServletRequestPathFilter.doFilter(ServletRequestPathFilter.java:52)
	at org.springframework.web.filter.CompositeFilter$VirtualFilterChain.doFilter(CompositeFilter.java:113)
	at org.springframework.web.filter.CompositeFilter.doFilter(CompositeFilter.java:74)
	at org.springframework.security.config.annotation.web.configuration.WebSecurityConfiguration$CompositeFilterChainProxy.doFilter(WebSecurityConfiguration.java:317)
	at org.springframework.web.filter.DelegatingFilterProxy.invokeDelegate(DelegatingFilterProxy.java:355)
	at org.springframework.web.filter.DelegatingFilterProxy.doFilter(DelegatingFilterProxy.java:272)
	at org.apache.catalina.core.ApplicationFilterChain.doFilter(ApplicationFilterChain.java:107)
	at org.springframework.web.filter.RequestContextFilter.doFilterInternal(RequestContextFilter.java:100)
	at org.springframework.web.filter.OncePerRequestFilter.doFilter(OncePerRequestFilter.java:116)
	at org.apache.catalina.core.ApplicationFilterChain.doFilter(ApplicationFilterChain.java:107)
	at org.springframework.web.filter.FormContentFilter.doFilterInternal(FormContentFilter.java:93)
	at org.springframework.web.filter.OncePerRequestFilter.doFilter(OncePerRequestFilter.java:116)
	at org.apache.catalina.core.ApplicationFilterChain.doFilter(ApplicationFilterChain.java:107)
	at org.springframework.web.filter.CharacterEncodingFilter.doFilterInternal(CharacterEncodingFilter.java:199)
	at org.springframework.web.filter.OncePerRequestFilter.doFilter(OncePerRequestFilter.java:116)
	at org.apache.catalina.core.ApplicationFilterChain.doFilter(ApplicationFilterChain.java:107)
	at org.apache.catalina.core.StandardWrapperValve.invoke(StandardWrapperValve.java:165)
	at org.apache.catalina.core.StandardContextValve.invoke(StandardContextValve.java:77)
	at org.apache.catalina.authenticator.AuthenticatorBase.invoke(AuthenticatorBase.java:492)
	at org.apache.catalina.core.StandardHostValve.invoke(StandardHostValve.java:113)
	at org.apache.catalina.valves.ErrorReportValve.invoke(ErrorReportValve.java:83)
	at org.apache.catalina.core.StandardEngineValve.invoke(StandardEngineValve.java:72)
	at org.apache.catalina.connector.CoyoteAdapter.service(CoyoteAdapter.java:341)
	at org.apache.coyote.http11.Http11Processor.service(Http11Processor.java:397)
	at org.apache.coyote.AbstractProcessorLight.process(AbstractProcessorLight.java:63)
	at org.apache.coyote.AbstractProtocol$ConnectionHandler.process(AbstractProtocol.java:1272)
	at org.apache.tomcat.util.net.NioEndpoint$SocketProcessor.doRun(NioEndpoint.java:1801)
	at org.apache.tomcat.util.net.SocketProcessorBase.run(SocketProcessorBase.java:52)
	at org.apache.tomcat.util.threads.ThreadPoolExecutor.runWorker(ThreadPoolExecutor.java:946)
	at org.apache.tomcat.util.threads.ThreadPoolExecutor$Worker.run(ThreadPoolExecutor.java:480)
	at org.apache.tomcat.util.threads.TaskThread$WrappingRunnable.run(TaskThread.java:57)
	at java.base/java.lang.Thread.run(Thread.java:1583)
2026-07-25 01:36:27 [http-nio-8080-exec-8] WARN  o.s.w.s.m.m.a.ExceptionHandlerExceptionResolver - Resolved [org.springframework.web.HttpMediaTypeNotSupportedException: Content-Type 'text/plain;charset=UTF-8' is not supported]
2026-07-25 01:37:47 [http-nio-8080-exec-9] DEBUG o.s.security.web.FilterChainProxy - Securing PUT /api/organizations/1
2026-07-25 01:37:47 [http-nio-8080-exec-9] DEBUG org.hibernate.SQL - 
    /* SELECT
        u 
    FROM
        User u 
    WHERE
        u.email = :email */ select
            u1_0.id,
            u1_0.created_at,
            u1_0.email,
            u1_0.employee_id,
            u1_0.full_name,
            u1_0.is_active,
            u1_0.is_email_verified,
            u1_0.is_phone_verified,
            u1_0.last_login,
            u1_0.organization_id,
            u1_0.password,
            u1_0.phone,
            u1_0.updated_at,
            u1_0.user_type 
        from
            users u1_0 
        where
            u1_0.email=?
2026-07-25 01:37:47 [http-nio-8080-exec-9] DEBUG o.s.security.web.FilterChainProxy - Secured PUT /api/organizations/1
2026-07-25 01:37:47 [http-nio-8080-exec-9] INFO  c.a.F.o.c.OrganizationController - Update organization request for id: 1
2026-07-25 01:37:47 [http-nio-8080-exec-9] DEBUG org.hibernate.SQL - 
    select
        o1_0.id,
        o1_0.address,
        o1_0.business_type,
        o1_0.created_at,
        o1_0.email,
        o1_0.gst,
        o1_0.is_active,
        o1_0.is_company,
        o1_0.name,
        o1_0.owner_id,
        o1_0.phone,
        o1_0.updated_at 
    from
        organizations o1_0 
    where
        o1_0.id=?
2026-07-25 01:37:47 [http-nio-8080-exec-9] DEBUG org.hibernate.SQL - 
    /* SELECT
        o.id 
    FROM
        Organization o 
    WHERE
        o.email = :email */ select
            o1_0.id 
        from
            organizations o1_0 
        where
            o1_0.email=? 
        fetch
            first ? rows only
2026-07-25 01:37:47 [http-nio-8080-exec-9] DEBUG org.hibernate.SQL - 
    /* SELECT
        o.id 
    FROM
        Organization o 
    WHERE
        o.phone = :phone */ select
            o1_0.id 
        from
            organizations o1_0 
        where
            o1_0.phone=? 
        fetch
            first ? rows only
2026-07-25 01:37:47 [http-nio-8080-exec-9] ERROR c.a.F.c.e.GlobalExceptionHandler - Internal server error: 
com.app.Fintrox.common.exceptions.BadRequestException: Phone number already registered by another organization
	at com.app.Fintrox.organization.service.OrganizationServiceImpl.updateOrganization(OrganizationServiceImpl.java:159)
	at java.base/jdk.internal.reflect.DirectMethodHandleAccessor.invoke(DirectMethodHandleAccessor.java:103)
	at java.base/java.lang.reflect.Method.invoke(Method.java:580)
	at org.springframework.aop.support.AopUtils.invokeJoinpointUsingReflection(AopUtils.java:359)
	at org.springframework.aop.framework.ReflectiveMethodInvocation.invokeJoinpoint(ReflectiveMethodInvocation.java:190)
	at org.springframework.aop.framework.ReflectiveMethodInvocation.proceed(ReflectiveMethodInvocation.java:158)
	at org.springframework.transaction.interceptor.TransactionInterceptor$1.proceedWithInvocation(TransactionInterceptor.java:133)
	at org.springframework.transaction.interceptor.TransactionAspectSupport.invokeWithinTransaction(TransactionAspectSupport.java:371)
	at org.springframework.transaction.interceptor.TransactionInterceptor.invoke(TransactionInterceptor.java:130)
	at org.springframework.aop.framework.ReflectiveMethodInvocation.proceed(ReflectiveMethodInvocation.java:179)
	at org.springframework.aop.framework.CglibAopProxy$DynamicAdvisedInterceptor.intercept(CglibAopProxy.java:719)
	at com.app.Fintrox.organization.service.OrganizationServiceImpl$$SpringCGLIB$$0.updateOrganization(<generated>)
	at com.app.Fintrox.organization.controller.OrganizationController.updateOrganization(OrganizationController.java:72)
	at java.base/jdk.internal.reflect.DirectMethodHandleAccessor.invoke(DirectMethodHandleAccessor.java:103)
	at java.base/java.lang.reflect.Method.invoke(Method.java:580)
	at org.springframework.web.method.support.InvocableHandlerMethod.doInvoke(InvocableHandlerMethod.java:252)
	at org.springframework.web.method.support.InvocableHandlerMethod.invokeForRequest(InvocableHandlerMethod.java:184)
	at org.springframework.web.servlet.mvc.method.annotation.ServletInvocableHandlerMethod.invokeAndHandle(ServletInvocableHandlerMethod.java:117)
	at org.springframework.web.servlet.mvc.method.annotation.RequestMappingHandlerAdapter.invokeHandlerMethod(RequestMappingHandlerAdapter.java:934)
	at org.springframework.web.servlet.mvc.method.annotation.RequestMappingHandlerAdapter.handleInternal(RequestMappingHandlerAdapter.java:853)
	at org.springframework.web.servlet.mvc.method.AbstractHandlerMethodAdapter.handle(AbstractHandlerMethodAdapter.java:86)
	at org.springframework.web.servlet.DispatcherServlet.doDispatch(DispatcherServlet.java:963)
	at org.springframework.web.servlet.DispatcherServlet.doService(DispatcherServlet.java:866)
	at org.springframework.web.servlet.FrameworkServlet.processRequest(FrameworkServlet.java:1000)
	at org.springframework.web.servlet.FrameworkServlet.doPut(FrameworkServlet.java:914)
	at jakarta.servlet.http.HttpServlet.service(HttpServlet.java:650)
	at org.springframework.web.servlet.FrameworkServlet.service(FrameworkServlet.java:874)
	at jakarta.servlet.http.HttpServlet.service(HttpServlet.java:710)
	at org.apache.catalina.core.ApplicationFilterChain.doFilter(ApplicationFilterChain.java:128)
	at org.apache.tomcat.websocket.server.WsFilter.doFilter(WsFilter.java:53)
	at org.apache.catalina.core.ApplicationFilterChain.doFilter(ApplicationFilterChain.java:107)
	at org.springframework.web.filter.OncePerRequestFilter.doFilter(OncePerRequestFilter.java:110)
	at org.apache.catalina.core.ApplicationFilterChain.doFilter(ApplicationFilterChain.java:107)
	at org.springframework.web.filter.CompositeFilter$VirtualFilterChain.doFilter(CompositeFilter.java:108)
	at org.springframework.security.web.FilterChainProxy.lambda$doFilterInternal$2(FilterChainProxy.java:235)
	at org.springframework.security.web.FilterChainProxy$VirtualFilterChain.doFilter(FilterChainProxy.java:376)
	at org.springframework.security.web.access.intercept.AuthorizationFilter.doFilter(AuthorizationFilter.java:101)
	at org.springframework.security.web.FilterChainProxy$VirtualFilterChain.doFilter(FilterChainProxy.java:385)
	at org.springframework.security.web.access.ExceptionTranslationFilter.doFilter(ExceptionTranslationFilter.java:126)
	at org.springframework.security.web.access.ExceptionTranslationFilter.doFilter(ExceptionTranslationFilter.java:120)
	at org.springframework.security.web.FilterChainProxy$VirtualFilterChain.doFilter(FilterChainProxy.java:385)
	at org.springframework.security.web.session.SessionManagementFilter.doFilter(SessionManagementFilter.java:132)
	at org.springframework.security.web.session.SessionManagementFilter.doFilter(SessionManagementFilter.java:86)
	at org.springframework.security.web.FilterChainProxy$VirtualFilterChain.doFilter(FilterChainProxy.java:385)
	at org.springframework.security.web.authentication.AnonymousAuthenticationFilter.doFilter(AnonymousAuthenticationFilter.java:100)
	at org.springframework.security.web.FilterChainProxy$VirtualFilterChain.doFilter(FilterChainProxy.java:385)
	at org.springframework.security.web.servletapi.SecurityContextHolderAwareRequestFilter.doFilter(SecurityContextHolderAwareRequestFilter.java:181)
	at org.springframework.security.web.FilterChainProxy$VirtualFilterChain.doFilter(FilterChainProxy.java:385)
	at org.springframework.security.web.savedrequest.RequestCacheAwareFilter.doFilter(RequestCacheAwareFilter.java:63)
	at org.springframework.security.web.FilterChainProxy$VirtualFilterChain.doFilter(FilterChainProxy.java:385)
	at com.app.Fintrox.security.auth.JwtAuthenticationFilter.doFilterInternal(JwtAuthenticationFilter.java:60)
	at org.springframework.web.filter.OncePerRequestFilter.doFilter(OncePerRequestFilter.java:116)
	at org.springframework.security.web.FilterChainProxy$VirtualFilterChain.doFilter(FilterChainProxy.java:385)
	at org.springframework.security.web.authentication.logout.LogoutFilter.doFilter(LogoutFilter.java:110)
	at org.springframework.security.web.authentication.logout.LogoutFilter.doFilter(LogoutFilter.java:96)
	at org.springframework.security.web.FilterChainProxy$VirtualFilterChain.doFilter(FilterChainProxy.java:385)
	at org.springframework.web.filter.CorsFilter.doFilterInternal(CorsFilter.java:91)
	at org.springframework.web.filter.OncePerRequestFilter.doFilter(OncePerRequestFilter.java:116)
	at org.springframework.security.web.FilterChainProxy$VirtualFilterChain.doFilter(FilterChainProxy.java:385)
	at org.springframework.security.web.header.HeaderWriterFilter.doHeadersAfter(HeaderWriterFilter.java:90)
	at org.springframework.security.web.header.HeaderWriterFilter.doFilterInternal(HeaderWriterFilter.java:75)
	at org.springframework.web.filter.OncePerRequestFilter.doFilter(OncePerRequestFilter.java:116)
	at org.springframework.security.web.FilterChainProxy$VirtualFilterChain.doFilter(FilterChainProxy.java:385)
	at org.springframework.security.web.context.SecurityContextHolderFilter.doFilter(SecurityContextHolderFilter.java:82)
	at org.springframework.security.web.context.SecurityContextHolderFilter.doFilter(SecurityContextHolderFilter.java:69)
	at org.springframework.security.web.FilterChainProxy$VirtualFilterChain.doFilter(FilterChainProxy.java:385)
	at org.springframework.security.web.context.request.async.WebAsyncManagerIntegrationFilter.doFilterInternal(WebAsyncManagerIntegrationFilter.java:62)
	at org.springframework.web.filter.OncePerRequestFilter.doFilter(OncePerRequestFilter.java:116)
	at org.springframework.security.web.FilterChainProxy$VirtualFilterChain.doFilter(FilterChainProxy.java:385)
	at org.springframework.security.web.session.DisableEncodeUrlFilter.doFilterInternal(DisableEncodeUrlFilter.java:42)
	at org.springframework.web.filter.OncePerRequestFilter.doFilter(OncePerRequestFilter.java:116)
	at org.springframework.security.web.FilterChainProxy$VirtualFilterChain.doFilter(FilterChainProxy.java:385)
	at org.springframework.security.web.FilterChainProxy.doFilterInternal(FilterChainProxy.java:237)
	at org.springframework.security.web.FilterChainProxy.doFilter(FilterChainProxy.java:195)
	at org.springframework.web.filter.CompositeFilter$VirtualFilterChain.doFilter(CompositeFilter.java:113)
	at org.springframework.web.filter.ServletRequestPathFilter.doFilter(ServletRequestPathFilter.java:52)
	at org.springframework.web.filter.CompositeFilter$VirtualFilterChain.doFilter(CompositeFilter.java:113)
	at org.springframework.web.filter.CompositeFilter.doFilter(CompositeFilter.java:74)
	at org.springframework.security.config.annotation.web.configuration.WebSecurityConfiguration$CompositeFilterChainProxy.doFilter(WebSecurityConfiguration.java:317)
	at org.springframework.web.filter.DelegatingFilterProxy.invokeDelegate(DelegatingFilterProxy.java:355)
	at org.springframework.web.filter.DelegatingFilterProxy.doFilter(DelegatingFilterProxy.java:272)
	at org.apache.catalina.core.ApplicationFilterChain.doFilter(ApplicationFilterChain.java:107)
	at org.springframework.web.filter.RequestContextFilter.doFilterInternal(RequestContextFilter.java:100)
	at org.springframework.web.filter.OncePerRequestFilter.doFilter(OncePerRequestFilter.java:116)
	at org.apache.catalina.core.ApplicationFilterChain.doFilter(ApplicationFilterChain.java:107)
	at org.springframework.web.filter.FormContentFilter.doFilterInternal(FormContentFilter.java:93)
	at org.springframework.web.filter.OncePerRequestFilter.doFilter(OncePerRequestFilter.java:116)
	at org.apache.catalina.core.ApplicationFilterChain.doFilter(ApplicationFilterChain.java:107)
	at org.springframework.web.filter.CharacterEncodingFilter.doFilterInternal(CharacterEncodingFilter.java:199)
	at org.springframework.web.filter.OncePerRequestFilter.doFilter(OncePerRequestFilter.java:116)
	at org.apache.catalina.core.ApplicationFilterChain.doFilter(ApplicationFilterChain.java:107)
	at org.apache.catalina.core.StandardWrapperValve.invoke(StandardWrapperValve.java:165)
	at org.apache.catalina.core.StandardContextValve.invoke(StandardContextValve.java:77)
	at org.apache.catalina.authenticator.AuthenticatorBase.invoke(AuthenticatorBase.java:492)
	at org.apache.catalina.core.StandardHostValve.invoke(StandardHostValve.java:113)
	at org.apache.catalina.valves.ErrorReportValve.invoke(ErrorReportValve.java:83)
	at org.apache.catalina.core.StandardEngineValve.invoke(StandardEngineValve.java:72)
	at org.apache.catalina.connector.CoyoteAdapter.service(CoyoteAdapter.java:341)
	at org.apache.coyote.http11.Http11Processor.service(Http11Processor.java:397)
	at org.apache.coyote.AbstractProcessorLight.process(AbstractProcessorLight.java:63)
	at org.apache.coyote.AbstractProtocol$ConnectionHandler.process(AbstractProtocol.java:1272)
	at org.apache.tomcat.util.net.NioEndpoint$SocketProcessor.doRun(NioEndpoint.java:1801)
	at org.apache.tomcat.util.net.SocketProcessorBase.run(SocketProcessorBase.java:52)
	at org.apache.tomcat.util.threads.ThreadPoolExecutor.runWorker(ThreadPoolExecutor.java:946)
	at org.apache.tomcat.util.threads.ThreadPoolExecutor$Worker.run(ThreadPoolExecutor.java:480)
	at org.apache.tomcat.util.threads.TaskThread$WrappingRunnable.run(TaskThread.java:57)
	at java.base/java.lang.Thread.run(Thread.java:1583)
2026-07-25 01:37:47 [http-nio-8080-exec-9] WARN  o.s.w.s.m.m.a.ExceptionHandlerExceptionResolver - Resolved [com.app.Fintrox.common.exceptions.BadRequestException: Phone number already registered by another organization]
2026-07-25 01:38:38 [http-nio-8080-exec-2] DEBUG o.s.security.web.FilterChainProxy - Securing PUT /api/organizations/1
2026-07-25 01:38:38 [http-nio-8080-exec-2] DEBUG org.hibernate.SQL - 
    /* SELECT
        u 
    FROM
        User u 
    WHERE
        u.email = :email */ select
            u1_0.id,
            u1_0.created_at,
            u1_0.email,
            u1_0.employee_id,
            u1_0.full_name,
            u1_0.is_active,
            u1_0.is_email_verified,
            u1_0.is_phone_verified,
            u1_0.last_login,
            u1_0.organization_id,
            u1_0.password,
            u1_0.phone,
            u1_0.updated_at,
            u1_0.user_type 
        from
            users u1_0 
        where
            u1_0.email=?
2026-07-25 01:38:38 [http-nio-8080-exec-2] DEBUG o.s.security.web.FilterChainProxy - Secured PUT /api/organizations/1
2026-07-25 01:38:38 [http-nio-8080-exec-2] INFO  c.a.F.o.c.OrganizationController - Update organization request for id: 1
2026-07-25 01:38:38 [http-nio-8080-exec-2] DEBUG org.hibernate.SQL - 
    select
        o1_0.id,
        o1_0.address,
        o1_0.business_type,
        o1_0.created_at,
        o1_0.email,
        o1_0.gst,
        o1_0.is_active,
        o1_0.is_company,
        o1_0.name,
        o1_0.owner_id,
        o1_0.phone,
        o1_0.updated_at 
    from
        organizations o1_0 
    where
        o1_0.id=?
2026-07-25 01:38:38 [http-nio-8080-exec-2] DEBUG org.hibernate.SQL - 
    /* SELECT
        o.id 
    FROM
        Organization o 
    WHERE
        o.email = :email */ select
            o1_0.id 
        from
            organizations o1_0 
        where
            o1_0.email=? 
        fetch
            first ? rows only
2026-07-25 01:38:38 [http-nio-8080-exec-2] DEBUG org.hibernate.SQL - 
    /* SELECT
        o.id 
    FROM
        Organization o 
    WHERE
        o.phone = :phone */ select
            o1_0.id 
        from
            organizations o1_0 
        where
            o1_0.phone=? 
        fetch
            first ? rows only
2026-07-25 01:38:38 [http-nio-8080-exec-2] INFO  c.a.F.o.s.OrganizationServiceImpl - Organization updated: ABC Finance Private Limited by owner: 2
2026-07-25 01:38:38 [http-nio-8080-exec-2] DEBUG org.hibernate.SQL - 
    select
        u1_0.id,
        u1_0.created_at,
        u1_0.email,
        u1_0.employee_id,
        u1_0.full_name,
        u1_0.is_active,
        u1_0.is_email_verified,
        u1_0.is_phone_verified,
        u1_0.last_login,
        u1_0.organization_id,
        u1_0.password,
        u1_0.phone,
        u1_0.updated_at,
        u1_0.user_type 
    from
        users u1_0 
    where
        u1_0.id=?
2026-07-25 01:38:38 [http-nio-8080-exec-2] DEBUG org.hibernate.SQL - 
    /* update
        
    for
        com.app.Fintrox.organization.entity.Organization */update organizations 
    set
        address=?,
        business_type=?,
        email=?,
        gst=?,
        is_active=?,
        is_company=?,
        name=?,
        owner_id=?,
        phone=?,
        updated_at=? 
    where
        id=?
2026-07-25 01:40:10 [http-nio-8080-exec-4] DEBUG o.s.security.web.FilterChainProxy - Securing PUT /api/organizations/1
2026-07-25 01:40:10 [http-nio-8080-exec-4] DEBUG org.hibernate.SQL - 
    /* SELECT
        u 
    FROM
        User u 
    WHERE
        u.email = :email */ select
            u1_0.id,
            u1_0.created_at,
            u1_0.email,
            u1_0.employee_id,
            u1_0.full_name,
            u1_0.is_active,
            u1_0.is_email_verified,
            u1_0.is_phone_verified,
            u1_0.last_login,
            u1_0.organization_id,
            u1_0.password,
            u1_0.phone,
            u1_0.updated_at,
            u1_0.user_type 
        from
            users u1_0 
        where
            u1_0.email=?
2026-07-25 01:40:10 [http-nio-8080-exec-4] DEBUG o.s.security.web.FilterChainProxy - Secured PUT /api/organizations/1
2026-07-25 01:40:10 [http-nio-8080-exec-4] INFO  c.a.F.o.c.OrganizationController - Update organization request for id: 1
2026-07-25 01:40:10 [http-nio-8080-exec-4] DEBUG org.hibernate.SQL - 
    select
        o1_0.id,
        o1_0.address,
        o1_0.business_type,
        o1_0.created_at,
        o1_0.email,
        o1_0.gst,
        o1_0.is_active,
        o1_0.is_company,
        o1_0.name,
        o1_0.owner_id,
        o1_0.phone,
        o1_0.updated_at 
    from
        organizations o1_0 
    where
        o1_0.id=?
2026-07-25 01:40:10 [http-nio-8080-exec-4] INFO  c.a.F.o.s.OrganizationServiceImpl - Organization updated: bcd Finance Private Limited by owner: 2
2026-07-25 01:40:10 [http-nio-8080-exec-4] DEBUG org.hibernate.SQL - 
    select
        u1_0.id,
        u1_0.created_at,
        u1_0.email,
        u1_0.employee_id,
        u1_0.full_name,
        u1_0.is_active,
        u1_0.is_email_verified,
        u1_0.is_phone_verified,
        u1_0.last_login,
        u1_0.organization_id,
        u1_0.password,
        u1_0.phone,
        u1_0.updated_at,
        u1_0.user_type 
    from
        users u1_0 
    where
        u1_0.id=?
2026-07-25 01:40:10 [http-nio-8080-exec-4] DEBUG org.hibernate.SQL - 
    /* update
        
    for
        com.app.Fintrox.organization.entity.Organization */update organizations 
    set
        address=?,
        business_type=?,
        email=?,
        gst=?,
        is_active=?,
        is_company=?,
        name=?,
        owner_id=?,
        phone=?,
        updated_at=? 
    where
        id=?
